-- Generated seed data — MRI FieldOps Dashboard
-- Run AFTER 01_schema.sql
-- ═══════════════════════════════════════════════════

-- Engineers (9)
truncate table public.engineers cascade;
insert into public.engineers (id, name, region, email, aliases) values ('ENG001', 'SivaSubramanian', 'Chennai', 'sivasubramanian.a@3imedtech.com', ARRAY['siva']);
insert into public.engineers (id, name, region, email, aliases) values ('ENG002', 'Venkatakrishnan', 'Chennai', 'venkatakrishnan@3imedtech.com', ARRAY['venkat','venkatakrishnan']);
insert into public.engineers (id, name, region, email, aliases) values ('ENG003', 'Akhil T', 'Bangalore', 'akhil.t@3imedtech.com', ARRAY['akhil']);
insert into public.engineers (id, name, region, email, aliases) values ('ENG004', 'Ashok Kumar', 'Bangalore', 'ashokkumar.k@3imedtech.com', ARRAY['ashok','ashokkumar']);
insert into public.engineers (id, name, region, email, aliases) values ('ENG005', 'Jimmi George', 'Hyderabad', 'jimmi.george@3imedtech.com', ARRAY['jimmi','jimmy']);
insert into public.engineers (id, name, region, email, aliases) values ('ENG006', 'Vivek T', 'Patna', 'vivek.t@3imedtech.com', ARRAY['vivek']);
insert into public.engineers (id, name, region, email, aliases) values ('ENG007', 'Chandan Giri', 'Patna', 'chandan.giri@refex.co.in', ARRAY['chandan']);
insert into public.engineers (id, name, region, email, aliases) values ('ENG008', 'Mohan J', 'Pune', 'mohan.j@3imedtech.com', ARRAY['mohan']);
insert into public.engineers (id, name, region, email, aliases) values ('ENG009', 'Ashish P', 'Pune', 'ashishumakant.p@3imedtech.com', ARRAY['ashish']);

-- Config assets (25)
truncate table public.config_assets cascade;
insert into public.config_assets (code, ast_id, name, tesla, model, town, state, channel, gradient, sw, compressor, coldhead) values ('AN001', 'AST001', 'HKES Basaveshwara', '1.5T', 'Philips 1.5 T Achieva', 'Gulbargah', 'KA', 'CDAS 8 CH', '781.0', 'R3.2.3', 'HC-8E', 'F2000');
insert into public.config_assets (code, ast_id, name, tesla, model, town, state, channel, gradient, sw, compressor, coldhead) values ('AN002', 'AST002', 'NMR Medical institute', '1.5T', 'Philips 1.5 T Achieva', 'Hubli', 'KA', 'CDAS 16CH', '281 Single', 'R5.3.0', 'HC-8E', 'F2000');
insert into public.config_assets (code, ast_id, name, tesla, model, town, state, channel, gradient, sw, compressor, coldhead) values ('AN003', 'AST003', 'Bhavani Diagnostic Centre', '3.0T', 'Philips 3.0 T Achieva', 'Muzaffarpur', 'BH', 'CDAS 16CH', '281 Single', 'R3.2.3', 'F-50', null);
insert into public.config_assets (code, ast_id, name, tesla, model, town, state, channel, gradient, sw, compressor, coldhead) values ('AN004', 'AST004', 'Tiruvarur Medical Centre', '1.5T', 'Philips 1.5 T Achieva', 'Tiruvarur', 'TN', 'CDAS 8CH', '271 Single', 'R.2.6.3.9', 'HC-8E', '10k');
insert into public.config_assets (code, ast_id, name, tesla, model, town, state, channel, gradient, sw, compressor, coldhead) values ('AN007', 'AST005', 'Isha Diagnostics', '1.5T', 'Philips 1.5 T Achieva', 'Bangalore', 'KA', 'CDAS 8CH', '281 Single', 'R.3.2.3', 'HC-8E', 'F2000');
insert into public.config_assets (code, ast_id, name, tesla, model, town, state, channel, gradient, sw, compressor, coldhead) values ('AN008', 'AST006', 'Chandru Diagnostics', '1.5T', 'Philips 1.5 T Intera', 'Ramanagara', 'KA', 'BDAS 6CH', '274 Single', 'R11.1.4', 'HC-8E', 'F2000');
insert into public.config_assets (code, ast_id, name, tesla, model, town, state, channel, gradient, sw, compressor, coldhead) values ('AN009', 'AST007', 'Ruby Medical Services', '1.5T', 'Philips 1.5 T Intera', 'Indapur', 'MH', 'CDAS 8CH', '271 Single', 'R3.2.3', 'HC-8E', 'F2000');
insert into public.config_assets (code, ast_id, name, tesla, model, town, state, channel, gradient, sw, compressor, coldhead) values ('AN008B', 'AST008', 'Ruby Medical Services', '1.5T', 'Philips 1.5T Achieva', 'chiplun', 'MH', 'CDAS 8CH', '271 Single', 'R2.6.3', 'HC-8E', 'F2000');
insert into public.config_assets (code, ast_id, name, tesla, model, town, state, channel, gradient, sw, compressor, coldhead) values ('AN010', 'AST009', 'OAKTree Diagnostic Centre', '1.5T', 'Philips 1.5 T Achieva', 'Calicut', 'KL', 'CDAS 16CH', '781.0', 'R3.2.4', 'HC-8E', 'F2000');
insert into public.config_assets (code, ast_id, name, tesla, model, town, state, channel, gradient, sw, compressor, coldhead) values ('AN011', 'AST010', 'Anderson diagnostic centre', '1.5T', 'Philips 1.5 T Achieva', 'Trichy', 'TN', 'CDAS 16CH', '781.0', 'R5.3.1', 'HC-8E', 'F2000/10k');
insert into public.config_assets (code, ast_id, name, tesla, model, town, state, channel, gradient, sw, compressor, coldhead) values ('AN014', 'AST011', 'Lifeline Superspeciality', '3.0 T', 'Philips Achieva 3.0T REX Magnet (Zero Boil off) 16ch', 'Pandharpur', 'MH', 'CDAS 16CH', '281.0', 'R5.1.0', null, null);
insert into public.config_assets (code, ast_id, name, tesla, model, town, state, channel, gradient, sw, compressor, coldhead) values ('AN020', 'AST012', 'Anderson', 'PET CT', 'GE Discovery VCT64 PET CT', 'Chennai', 'TN', null, null, null, null, null);
insert into public.config_assets (code, ast_id, name, tesla, model, town, state, channel, gradient, sw, compressor, coldhead) values ('AN021', 'AST013', 'Nucleus diagnostic', '3.0T', 'Philips Achieva 3.0T REX Magnet (Zero Boil off)', 'Pune', 'MH', 'CDAS 16CH', '787.0', 'R5.3.1', null, null);
insert into public.config_assets (code, ast_id, name, tesla, model, town, state, channel, gradient, sw, compressor, coldhead) values ('AN022', 'AST014', 'Dr Prakash kennedy', '3.0 T', 'Philips 3T Achieva TX', 'Chennai', 'TN', 'CDAS 16CH', '787 dual', 'R3.2.3', 'F50(WC)', '4k');
insert into public.config_assets (code, ast_id, name, tesla, model, town, state, channel, gradient, sw, compressor, coldhead) values ('AN015', 'AST015', 'Dr. Shreyas (Deepa Fortune)', '1.5T', '1.5T Achieva', 'Mandya', 'KA', 'CDAS 8CH', '274.0', 'R3.2.3', null, null);
insert into public.config_assets (code, ast_id, name, tesla, model, town, state, channel, gradient, sw, compressor, coldhead) values ('AN016', 'AST016', 'Kennedy scans Nanganallur', '1.5T', 'GE 1.5T Brivo 355', 'Chennai', 'TN', '8ch', null, '23x', 'csa-71A(air)', '4k');
insert into public.config_assets (code, ast_id, name, tesla, model, town, state, channel, gradient, sw, compressor, coldhead) values ('AN017', 'AST017', 'Magnus Bangalore', '3.0T', 'Philips 3T Achieva', 'Bangalore', 'KA', 'CDAS 16CH', '781.0', 'R5.7.1', 'F50(wc)', '4k');
insert into public.config_assets (code, ast_id, name, tesla, model, town, state, channel, gradient, sw, compressor, coldhead) values ('AN018', 'AST018', 'JCRL Patna', '3T', 'Philips 3T Achieva', 'Patna', 'BH', 'CDAS 16CH', '281.0', 'R3.2.3', 'CSW-71D', '4K');
insert into public.config_assets (code, ast_id, name, tesla, model, town, state, channel, gradient, sw, compressor, coldhead) values ('AN019', 'AST019', 'TRR Medical Hyderabad', '1.5T', 'Philips 1.5 T Achieva', 'Hyderabad', 'TS', 'CDAS 16CH', '281.0', 'R2.6.3', null, null);
insert into public.config_assets (code, ast_id, name, tesla, model, town, state, channel, gradient, sw, compressor, coldhead) values ('AN020B', 'AST020', 'Nivi Scans Namakkal', '1.5T', 'GE 1.5T HDxT', 'Namakkal', 'TN', null, null, '16X', null, 'RDK-408 A2');
insert into public.config_assets (code, ast_id, name, tesla, model, town, state, channel, gradient, sw, compressor, coldhead) values ('AN021B', 'AST021', 'Ruby Medical Services', '1.5T', 'Anamaya 1.5T', 'Sangamaner', 'MH', null, null, '4.2C', null, 'RDK-412');
insert into public.config_assets (code, ast_id, name, tesla, model, town, state, channel, gradient, sw, compressor, coldhead) values ('AN013', 'AST022', 'Kamakshi Memorial Hospital', 'DR', 'Retro Digital Radiography', 'Chennai', 'TN', null, null, null, null, null);
insert into public.config_assets (code, ast_id, name, tesla, model, town, state, channel, gradient, sw, compressor, coldhead, alias_of) values ('AN015_DEEP', 'AST015', 'Dr. Shreyas (Deepa Fortune)', '1.5T', '1.5T Achieva', 'Mandya', 'KA', 'CDAS 8CH', '274.0', 'R3.2.3', null, null, 'AN015');
insert into public.config_assets (code, ast_id, name, tesla, model, town, state, channel, gradient, sw, compressor, coldhead, alias_of) values ('AN016_NANG', 'AST016', 'Kennedy scans Nanganallur', '1.5T', 'GE 1.5T Brivo 355', 'Chennai', 'TN', '8ch', null, '23x', 'csa-71A(air)', '4k', 'AN016');
insert into public.config_assets (code, ast_id, name, tesla, model, town, state, channel, gradient, sw, compressor, coldhead, alias_of) values ('AN010_PHAL', 'AST009', 'Ruby Medical Services (Phaltan)', '1.5T', 'Philips 1.5 T Achieva', 'Calicut', 'KL', 'CDAS 16CH', '781.0', 'R3.2.4', 'HC-8E', 'F2000', 'AN010');

-- CMC contracts (4)
truncate table public.cmc_contracts cascade;
insert into public.cmc_contracts (sn, customer, town, model, contract, start_date, end_date) values (1, 'HKES', 'Gulbargah', 'Philips 1.5T Achieva', 'CMC', '2025-01-01', '2025-12-31');
insert into public.cmc_contracts (sn, customer, town, model, contract, start_date, end_date) values (2, 'NMR Medical Institute', 'Hubli', 'Philips 1.5T Achieva', 'CMC', '2026-01-01', '2026-12-31');
insert into public.cmc_contracts (sn, customer, town, model, contract, start_date, end_date) values (3, 'Bhavani Diagnostic Centre', 'Muzaffarpur', 'Philips 3.0T Achieva', 'CMC', '2025-01-02', '2026-01-31');
insert into public.cmc_contracts (sn, customer, town, model, contract, start_date, end_date) values (4, 'Tiruvarur Medical Centre', 'Tiruvarur', 'Philips 1.5T Achieva', 'CMC', '2025-01-03', '2026-02-28');

-- PM schedule (22)
truncate table public.pm_schedule cascade;
insert into public.pm_schedule (id, customer, model, contract, town, region, freq, contract_start, contract_end, last_pms, next_pms, status) values ('PM-01', 'Tiruvarur Medical Centre', '1.5T Achieva', 'CMC', 'Tiruvarur', 'Chennai', 2, '2026-03-01', '2027-02-28', '2025-10-09', '2026-04-08', 'active');
insert into public.pm_schedule (id, customer, model, contract, town, region, freq, contract_start, contract_end, last_pms, next_pms, status) values ('PM-02', 'Isha Diagnostics', '1.5T Achieva', 'CMC', 'Bangalore', 'Bangalore', 3, '2025-05-01', '2026-04-30', '2025-12-31', '2026-04-25', 'active');
insert into public.pm_schedule (id, customer, model, contract, town, region, freq, contract_start, contract_end, last_pms, next_pms, status) values ('PM-03', 'Ruby Medical Services (Indapur)', '1.5T Achieva', 'Warranty', 'Indapur', 'Pune', 4, '2025-07-14', '2027-07-13', '2025-10-25', '2026-04-25', 'active');
insert into public.pm_schedule (id, customer, model, contract, town, region, freq, contract_start, contract_end, last_pms, next_pms, status) values ('PM-04', 'Bhavani Diagnostic Centre', '3T Achieva', 'CMC', 'Muzaffarpur', 'Patna', 2, '2026-02-01', '2027-01-31', '2026-12-03', '2026-06-26', 'active');
insert into public.pm_schedule (id, customer, model, contract, town, region, freq, contract_start, contract_end, last_pms, next_pms, status) values ('PM-05', 'Ruby Medical Services (Chiplun)', '1.5T Achieva', 'CMC', 'Chiplun', 'Pune', 3, '2025-06-25', '2026-06-24', '2026-01-24', '2026-05-24', 'active');
insert into public.pm_schedule (id, customer, model, contract, town, region, freq, contract_start, contract_end, last_pms, next_pms, status) values ('PM-06', 'Chandru Diagnostics', '1.5T Achieva', 'CMC', 'Ramanagara', 'Bangalore', 3, '2024-05-27', '2027-01-26', '2026-01-31', '2026-05-28', 'active');
insert into public.pm_schedule (id, customer, model, contract, town, region, freq, contract_start, contract_end, last_pms, next_pms, status) values ('PM-07', 'Deepa Fortune Imaging and Diagnostics', '1.5T Achieva', 'Warranty', 'Mandya', 'Bangalore', 3, '2023-06-26', '2026-06-25', '2026-01-28', '2026-05-28', 'active');
insert into public.pm_schedule (id, customer, model, contract, town, region, freq, contract_start, contract_end, last_pms, next_pms, status) values ('PM-08', 'Basaveshwar Teaching & General Hospital', '1.5T Achieva', 'CMC', 'Gulbarga', 'Bangalore', 3, '2026-01-01', '2026-12-31', '2025-11-27', '2026-04-30', 'active');
insert into public.pm_schedule (id, customer, model, contract, town, region, freq, contract_start, contract_end, last_pms, next_pms, status) values ('PM-09', 'NMR Scan Centre', '1.5T Achieva', 'CMC', 'Dharwad', 'Bangalore', 2, '2026-01-01', '2026-12-31', '2025-11-28', '2026-07-01', 'active');
insert into public.pm_schedule (id, customer, model, contract, town, region, freq, contract_start, contract_end, last_pms, next_pms, status) values ('PM-10', 'Oaktree Diagnostics Centre', '1.5T Achieva', 'CMC', 'Calicut', 'Calicut', 3, '2024-07-01', '2026-06-30', '2026-01-28', '2026-05-28', 'active');
insert into public.pm_schedule (id, customer, model, contract, town, region, freq, contract_start, contract_end, last_pms, next_pms, status) values ('PM-11', 'Ruby Medical Services (Sangamner)', 'Anamaya 1.5T', 'Warranty', 'Sangamner', 'Pune', 4, '2024-09-17', '2028-09-16', '2026-03-30', '2026-07-30', 'active');
insert into public.pm_schedule (id, customer, model, contract, town, region, freq, contract_start, contract_end, last_pms, next_pms, status) values ('PM-12', 'Nucleus Diagnostic', '3.0T Achieva', 'CMC', 'Pune', 'Pune', 3, '2025-09-30', '2026-09-29', null, '2026-02-26', 'overdue');
insert into public.pm_schedule (id, customer, model, contract, town, region, freq, contract_start, contract_end, last_pms, next_pms, status) values ('PM-13', 'Nivi Scans', 'GE HDXT 1.5T', 'Warranty', 'Namakkal', 'Chennai', 4, '2024-04-10', '2029-04-09', '2026-02-16', '2026-05-16', 'active');
insert into public.pm_schedule (id, customer, model, contract, town, region, freq, contract_start, contract_end, last_pms, next_pms, status) values ('PM-14', 'Saraswathi Hospital (Dr.Kennedy)', '3.0T Achieva', 'Warranty', 'Chennai', 'Chennai', 4, null, null, null, null, 'active');
insert into public.pm_schedule (id, customer, model, contract, town, region, freq, contract_start, contract_end, last_pms, next_pms, status) values ('PM-15', 'Magnus Diagnostics', '3.0T Achieva', 'Warranty', 'Bangalore', 'Bangalore', 4, '2025-05-15', '2028-05-14', '2025-10-10', '2026-04-30', 'active');
insert into public.pm_schedule (id, customer, model, contract, town, region, freq, contract_start, contract_end, last_pms, next_pms, status) values ('PM-16', 'KVC Diagnostic', '1.5T Achieva', 'CMC', 'Mysuru', 'Bangalore', 2, '2025-11-14', '2026-11-13', '2026-04-02', '2026-10-02', 'active');
insert into public.pm_schedule (id, customer, model, contract, town, region, freq, contract_start, contract_end, last_pms, next_pms, status) values ('PM-17', 'TRR Medical Hyderabad', '1.5T Achieva', 'Warranty', 'Hyderabad', 'Hyderabad', 4, null, null, null, null, 'installation-pending');
insert into public.pm_schedule (id, customer, model, contract, town, region, freq, contract_start, contract_end, last_pms, next_pms, status) values ('PM-18', 'JCRL Patna', '3.0T Achieva', 'Warranty', 'Patna', 'Patna', 4, null, null, null, null, 'installation-pending');
insert into public.pm_schedule (id, customer, model, contract, town, region, freq, contract_start, contract_end, last_pms, next_pms, status) values ('PM-19', 'Ruby Medical Services (Phaltan)', '1.5T Achieva', 'AMC', 'Phaltan', 'Pune', 0, '2025-06-05', '2026-06-04', null, null, 'not-covered');
insert into public.pm_schedule (id, customer, model, contract, town, region, freq, contract_start, contract_end, last_pms, next_pms, status) values ('PM-20', 'District Hospital', '1.5T Anamaya', 'Warranty', 'Champawat', 'Unassigned', 4, null, null, null, null, 'active');
insert into public.pm_schedule (id, customer, model, contract, town, region, freq, contract_start, contract_end, last_pms, next_pms, status) values ('PM-21', 'Hospital (Baripada)', '1.5T Achieva', 'Warranty', 'Baripada', 'Unassigned', 0, null, null, null, null, 'active');
insert into public.pm_schedule (id, customer, model, contract, town, region, freq, contract_start, contract_end, last_pms, next_pms, status) values ('PM-22', 'Lifeline Superspeciality', '3.0T Achieva', 'CMC', 'Pandharpur', 'Pune', 0, null, null, null, null, 'active');

-- Tickets (143)
truncate table public.tickets cascade;
insert into public.tickets (id, month, src_row, customer_raw, customer, asset_code, town, state, contract, call_date, call_type, model, sys_status, issue, attended_date, engineer, parts, parts_req_date, parts_recv_date, parts_status, sys_up_date, resolution, status, orphaned, unmatched, ambiguities) values ('TKT-Oct2025-001', 'Oct 2025', 2, 'Deepa MRI & Diagnostics Center', 'Dr. Shreyas (Deepa Fortune)', 'AN015_DEEP', 'Mandya', 'KA', 'CMC', '2025-10-06', 'Incident', null, 'Planned Activity', 'Helium gas flushing', '2025-10-08', 'Ashokkumar K & Akhil T', 'NA', null, null, null, null, null, 'Closed', false, false, '[]'::jsonb);
insert into public.tickets (id, month, src_row, customer_raw, customer, asset_code, town, state, contract, call_date, call_type, model, sys_status, issue, attended_date, engineer, parts, parts_req_date, parts_recv_date, parts_status, sys_up_date, resolution, status, orphaned, unmatched, ambiguities) values ('TKT-Oct2025-002', 'Oct 2025', 3, 'Deepa MRI & Diagnostics Center', 'Dr. Shreyas (Deepa Fortune)', 'AN015_DEEP', 'Mandya', 'KA', 'CMC', '2025-10-06', 'Incident', null, 'Planned Activity', 'Table Not Working,automatically', '2025-10-06', 'Ashokkumar K & Akhil T', 'Table 24 V Power Supply', '2025-10-10', null, 'Parts Awaited', null, 'Disconnected the cables from table and reconnected after that table working fine', 'Closed', false, false, '[]'::jsonb);
insert into public.tickets (id, month, src_row, customer_raw, customer, asset_code, town, state, contract, call_date, call_type, model, sys_status, issue, attended_date, engineer, parts, parts_req_date, parts_recv_date, parts_status, sys_up_date, resolution, status, orphaned, unmatched, ambiguities) values ('TKT-Oct2025-003', 'Oct 2025', 4, 'Deepa MRI & Diagnostics Center', 'Dr. Shreyas (Deepa Fortune)', 'AN015_DEEP', 'Mandya', 'KA', 'CMC', '2025-10-06', 'Incident', null, 'Planned Activity', 'Body Coil is detecting the image with artificts', '2025-10-09', 'Ashokkumar K & Akhil T', 'Sense Body Coil 1.5T', '2025-10-14', '2025-10-20', 'Parts Received', null, 'supplied good working coil and it''s working fine', 'Closed', false, false, '[]'::jsonb);
insert into public.tickets (id, month, src_row, customer_raw, customer, asset_code, town, state, contract, call_date, call_type, model, sys_status, issue, attended_date, engineer, parts, parts_req_date, parts_recv_date, parts_status, sys_up_date, resolution, status, orphaned, unmatched, ambiguities) values ('TKT-Oct2025-004', 'Oct 2025', 5, 'Oaktree Diagnostics Centre', 'OAKTree Diagnostic Centre', 'AN010', 'Calicut', 'KL', 'CMC', '2025-10-08', 'PMS', null, 'Planned Activity', 'Complete the pm', '2025-10-08', 'Neeraj p', 'NA', null, null, null, null, null, 'Closed', false, false, '[]'::jsonb);
insert into public.tickets (id, month, src_row, customer_raw, customer, asset_code, town, state, contract, call_date, call_type, model, sys_status, issue, attended_date, engineer, parts, parts_req_date, parts_recv_date, parts_status, sys_up_date, resolution, status, orphaned, unmatched, ambiguities) values ('TKT-Oct2025-005', 'Oct 2025', 6, 'Magnus Diagnostics Center', 'Magnus Bangalore', 'AN017', 'Bangalore', 'KA', 'Warranty', '2025-10-10', 'PMS', null, 'Planned Activity', 'NA', '2025-10-10', 'Ashokkumar K & Akhil T', 'NA', null, null, null, null, null, 'Closed', false, false, '[]'::jsonb);
insert into public.tickets (id, month, src_row, customer_raw, customer, asset_code, town, state, contract, call_date, call_type, model, sys_status, issue, attended_date, engineer, parts, parts_req_date, parts_recv_date, parts_status, sys_up_date, resolution, status, orphaned, unmatched, ambiguities) values ('TKT-Oct2025-006', 'Oct 2025', 7, 'Nivi Tech Scans', 'Nivi Scans Namakkal', 'AN020B', 'Namakkal', 'TN', 'Warranty', '2025-10-13', 'Incident', null, 'Partially Working', 'DVD Drive not able to write. Changed new drive.', '2025-10-13', 'Venkatakrishnan', 'DVD Drive', '2025-10-13', '2025-10-14', 'Parts Received', null, 'DVD Drive Changed', 'Closed', false, false, '[]'::jsonb);
insert into public.tickets (id, month, src_row, customer_raw, customer, asset_code, town, state, contract, call_date, call_type, model, sys_status, issue, attended_date, engineer, parts, parts_req_date, parts_recv_date, parts_status, sys_up_date, resolution, status, orphaned, unmatched, ambiguities) values ('TKT-Oct2025-007', 'Oct 2025', 8, 'Isha Diagnostic Centre', 'Isha Diagnostics', 'AN007', 'Bangalore', 'KA', 'CMC', '2025-10-14', 'PMS', null, 'Partially Working', 'NA', '2025-10-14', 'Ashokkumar', 'NA', null, null, null, null, null, 'Closed', false, false, '[]'::jsonb);
insert into public.tickets (id, month, src_row, customer_raw, customer, asset_code, town, state, contract, call_date, call_type, model, sys_status, issue, attended_date, engineer, parts, parts_req_date, parts_recv_date, parts_status, sys_up_date, resolution, status, orphaned, unmatched, ambiguities) values ('TKT-Oct2025-008', 'Oct 2025', 9, 'Nivi Tech Scans', 'Nivi Scans Namakkal', 'AN020B', 'Namakkal', 'TN', 'Warranty', '2025-10-15', 'Incident', null, 'Planned Activity', 'Chiller Fault Error Occur', '2025-10-16', 'Werner Engineer', null, null, null, null, null, 'Engineer Visited site to find out the problem.', 'Closed', false, false, '[]'::jsonb);
insert into public.tickets (id, month, src_row, customer_raw, customer, asset_code, town, state, contract, call_date, call_type, model, sys_status, issue, attended_date, engineer, parts, parts_req_date, parts_recv_date, parts_status, sys_up_date, resolution, status, orphaned, unmatched, ambiguities) values ('TKT-Oct2025-009', 'Oct 2025', 10, 'Ruby Medical services, Indapur', 'Ruby Medical Services', 'AN009', 'Indapur', 'MH', 'Warranty', '2025-10-15', 'Incident', null, 'Partially Working', 'RF amplifier issue.', '2025-10-15', 'Mohan', 'NA', null, null, null, null, 'The issue got resolved.', 'Closed', false, false, '[]'::jsonb);
insert into public.tickets (id, month, src_row, customer_raw, customer, asset_code, town, state, contract, call_date, call_type, model, sys_status, issue, attended_date, engineer, parts, parts_req_date, parts_recv_date, parts_status, sys_up_date, resolution, status, orphaned, unmatched, ambiguities) values ('TKT-Oct2025-010', 'Oct 2025', 11, 'Ruby Medical services, Indapur', 'Ruby Medical Services', 'AN009', 'Indapur', 'MH', 'Warranty', '2025-10-16', 'Incident', null, 'Partially Working', 'RF Gradient amplifier issue.', '2025-10-16', 'Mohan', 'Gradient axis amp.', null, null, 'Parts Awaited', '2025-11-17', 'The issue got resolved by fixing the fuse mount', 'Closed', false, false, '[]'::jsonb);
insert into public.tickets (id, month, src_row, customer_raw, customer, asset_code, town, state, contract, call_date, call_type, model, sys_status, issue, attended_date, engineer, parts, parts_req_date, parts_recv_date, parts_status, sys_up_date, resolution, status, orphaned, unmatched, ambiguities) values ('TKT-Oct2025-011', 'Oct 2025', 12, 'Isha Diagnostic Centre', 'Isha Diagnostics', 'AN007', 'Bangalore', 'KA', 'CMC', '2025-10-16', 'Incident', null, 'Planned Activity', 'Spine Coil not Working', '2025-10-16', 'Ashokkumar', '1.5 T Spine Coil (Defective)', '2025-10-17', '2025-10-19', 'Parts Received', null, 'Inside the Spine Coil one Frequency Adjust board Busted so replaced the board with Defective coil', 'Closed', false, false, '[]'::jsonb);
insert into public.tickets (id, month, src_row, customer_raw, customer, asset_code, town, state, contract, call_date, call_type, model, sys_status, issue, attended_date, engineer, parts, parts_req_date, parts_recv_date, parts_status, sys_up_date, resolution, status, orphaned, unmatched, ambiguities) values ('TKT-Oct2025-012', 'Oct 2025', 13, 'Chandru Diagnostic Centre', 'Chandru Diagnostics', 'AN008', 'Ramanagara', 'KA', 'CMC', '2025-10-17', 'PMS', null, 'Planned Activity', 'NA', '2025-10-17', 'Ashokkumar', 'NA', null, null, null, null, null, 'Closed', false, false, '[]'::jsonb);
insert into public.tickets (id, month, src_row, customer_raw, customer, asset_code, town, state, contract, call_date, call_type, model, sys_status, issue, attended_date, engineer, parts, parts_req_date, parts_recv_date, parts_status, sys_up_date, resolution, status, orphaned, unmatched, ambiguities) values ('TKT-Oct2025-013', 'Oct 2025', 14, 'Nivi Tech Scans', 'Nivi Scans Namakkal', 'AN020B', 'Namakkal', 'TN', 'Warranty', '2025-10-21', 'Incident', null, 'Planned Activity', 'Chiller Fault Error Occur again. Water color changed because of MS fittings Corrosion.', '2025-10-22', 'Loganathan & Venkatakrishnan', 'NA', null, null, null, null, 'Changed 2 MS Fittings into SS and cleaned the tank. Recirculate with new water.', 'Closed', false, false, '[]'::jsonb);
insert into public.tickets (id, month, src_row, customer_raw, customer, asset_code, town, state, contract, call_date, call_type, model, sys_status, issue, attended_date, engineer, parts, parts_req_date, parts_recv_date, parts_status, sys_up_date, resolution, status, orphaned, unmatched, ambiguities) values ('TKT-Oct2025-014', 'Oct 2025', 15, 'Nivi Tech Scans', 'Nivi Scans Namakkal', 'AN020B', 'Namakkal', 'TN', 'Warranty', '2025-10-23', 'PMS', null, 'Planned Activity', 'Observed the outdoor Chiller and completed the PM.', '2025-10-23', 'Venkatakrishnan', 'NA', null, null, null, null, null, 'Closed', false, false, '[]'::jsonb);
insert into public.tickets (id, month, src_row, customer_raw, customer, asset_code, town, state, contract, call_date, call_type, model, sys_status, issue, attended_date, engineer, parts, parts_req_date, parts_recv_date, parts_status, sys_up_date, resolution, status, orphaned, unmatched, ambiguities) values ('TKT-Oct2025-015', 'Oct 2025', 16, 'Magnus Diagnostics Center', 'Magnus Bangalore', 'AN017', 'Bangalore', 'KA', 'Warranty', '2025-10-24', 'Incident', null, 'Partially Working', 'Scan images are fully Artifacts', '2025-10-24', 'Ashokkumar K & Akhil T', 'Hybrid Box and the 20 DB Attenuator', '2025-10-25', '2025-10-26', 'Parts Received', null, 'Changed the Hybrid Box and Done the Calibrations', 'Closed', false, false, '[]'::jsonb);
insert into public.tickets (id, month, src_row, customer_raw, customer, asset_code, town, state, contract, call_date, call_type, model, sys_status, issue, attended_date, engineer, parts, parts_req_date, parts_recv_date, parts_status, sys_up_date, resolution, status, orphaned, unmatched, ambiguities) values ('TKT-Oct2025-016', 'Oct 2025', 17, 'Ruby Medical services, Indapur', 'Ruby Medical Services', 'AN009', 'Indapur', 'MH', 'Warranty', '2025-10-24', 'Incident', null, 'Down', 'CDAS not turning ON', '2025-10-24', 'AKHIL T', 'CDAS Power supply board', '2025-10-24', null, 'Parts Awaited', null, 'Ordered CDAS Power supply board', 'Closed', false, false, '[]'::jsonb);
insert into public.tickets (id, month, src_row, customer_raw, customer, asset_code, town, state, contract, call_date, call_type, model, sys_status, issue, attended_date, engineer, parts, parts_req_date, parts_recv_date, parts_status, sys_up_date, resolution, status, orphaned, unmatched, ambiguities) values ('TKT-Oct2025-017', 'Oct 2025', 18, 'Premier Trichy', 'Anderson Diagnostic Centre', 'AN011', 'Trichy', 'TN', 'CMC', '2025-10-25', 'Incident', null, 'Partially Working', 'NV Coil not detecting. Checked NV coil Continuity. It is ok but coil has some issue.', '2025-10-25', 'Venkatakrishnan', 'Sense NV Coil 1.5T 16ch (S.No - 5069)', '2025-10-25', null, 'Parts Received', null, 'given nv coil for repair attempt', 'Closed', false, false, '[]'::jsonb);
insert into public.tickets (id, month, src_row, customer_raw, customer, asset_code, town, state, contract, call_date, call_type, model, sys_status, issue, attended_date, engineer, parts, parts_req_date, parts_recv_date, parts_status, sys_up_date, resolution, status, orphaned, unmatched, ambiguities) values ('TKT-Oct2025-018', 'Oct 2025', 19, 'TMC', 'Tiruvarur Medical Centre', 'AN004', 'Tiruvarur', 'TN', 'CMC', '2025-10-26', 'Incident', null, 'Partially Working', 'sense abd body coil artifacts', '2025-10-27', 'Siva', 'defective sense body coil', '2025-10-28', '2025-10-27', 'Parts Received', null, 'Repaired', 'Closed', false, false, '[]'::jsonb);
insert into public.tickets (id, month, src_row, customer_raw, customer, asset_code, town, state, contract, call_date, call_type, model, sys_status, issue, attended_date, engineer, parts, parts_req_date, parts_recv_date, parts_status, sys_up_date, resolution, status, orphaned, unmatched, ambiguities) values ('TKT-Oct2025-019', 'Oct 2025', 20, 'Basaweshwara TGH Kalaburgi', 'HKES Basaveshwara', 'AN001', 'Gulbargah', 'KA', 'CMC', '2025-10-27', 'Incident', null, 'Partially Working', 'Grainy images appearing continiously in Flex coil while connecting in port A and intermitently grainy image appearing in all coils in port A', '2025-10-28', 'Jimmi George', 'NA', null, null, null, null, 'Cleaned the Port A with IPA solution, Reset all the cables in MRX Board and MRX Board in PEFI, Did RX and TX Calibrations.', 'Closed', false, false, '[]'::jsonb);
insert into public.tickets (id, month, src_row, customer_raw, customer, asset_code, town, state, contract, call_date, call_type, model, sys_status, issue, attended_date, engineer, parts, parts_req_date, parts_recv_date, parts_status, sys_up_date, resolution, status, orphaned, unmatched, ambiguities) values ('TKT-Oct2025-020', 'Oct 2025', 21, 'Premier Trichy', 'Anderson Diagnostic Centre', 'AN011', 'Trichy', 'TN', 'CMC', '2025-10-28', 'Incident', null, 'Partially Working', 'scan resource not available', '2025-10-29', 'Siva', 's23 rf amp', '2025-10-31', '2025-10-31', 'Parts Received', null, 'System up /s30 rf amp faulty', 'Closed', false, false, '[]'::jsonb);
insert into public.tickets (id, month, src_row, customer_raw, customer, asset_code, town, state, contract, call_date, call_type, model, sys_status, issue, attended_date, engineer, parts, parts_req_date, parts_recv_date, parts_status, sys_up_date, resolution, status, orphaned, unmatched, ambiguities) values ('TKT-Oct2025-021', 'Oct 2025', 22, 'Isha Diagnostic Centre', 'Isha Diagnostics', 'AN007', 'Bangalore', 'KA', 'CMC', '2025-10-29', 'Incident', null, 'Planned Activity', 'Spine Coil not Working', '2025-10-29', 'AKHIL T', 'Spine coil', null, '2025-10-29', 'Parts Received', null, 'Supplied Spine coil and tested ,Images are good, ODU adapter not received.', 'Closed', false, false, '[]'::jsonb);
insert into public.tickets (id, month, src_row, customer_raw, customer, asset_code, town, state, contract, call_date, call_type, model, sys_status, issue, attended_date, engineer, parts, parts_req_date, parts_recv_date, parts_status, sys_up_date, resolution, status, orphaned, unmatched, ambiguities) values ('TKT-Oct2025-022', 'Oct 2025', 23, 'Deepa MRI & Diagnostics Center', 'Dr. Shreyas (Deepa Fortune)', 'AN015_DEEP', 'Mandya', 'KA', 'CMC', '2025-10-30', 'Incident', null, 'Planned Activity', 'Helium loss high', '2025-10-30', 'Yogesh, Ashokkumar K & Akhil T', 'Cold head displacer &Adsorber', '2025-10-28', '2025-10-29', 'Parts Received', null, 'Coldhead Maintenance is Done and replaced the absorber', 'Closed', false, false, '[]'::jsonb);
insert into public.tickets (id, month, src_row, customer_raw, customer, asset_code, town, state, contract, call_date, call_type, model, sys_status, issue, attended_date, engineer, parts, parts_req_date, parts_recv_date, parts_status, sys_up_date, resolution, status, orphaned, unmatched, ambiguities) values ('TKT-Oct2025-023', 'Oct 2025', 24, 'Deepa MRI & Diagnostics Center', 'Dr. Shreyas (Deepa Fortune)', 'AN015_DEEP', 'Mandya', 'KA', 'CMC', '2025-10-31', 'Incident', null, 'Partially Working', 'Table Not Working,automatically', '2025-10-31', 'Ashokkumar K & Akhil T', 'Table 24 V Power Supply', '2025-10-10', '2025-10-15', 'Parts Received', null, 'Replaced the 24V Power Supply and tune the remaining SMPS.Now table working fine', 'Closed', false, false, '[]'::jsonb);
insert into public.tickets (id, month, src_row, customer_raw, customer, asset_code, town, state, contract, call_date, call_type, model, sys_status, issue, attended_date, engineer, parts, parts_req_date, parts_recv_date, parts_status, sys_up_date, resolution, status, orphaned, unmatched, ambiguities) values ('TKT-Oct2025-024', 'Oct 2025', 25, 'Dr.Kennedy Scans, Velachery', 'Dr Prakash kennedy', 'AN022', 'Chennai', 'TN', 'Warranty', '2025-10-31', 'Incident', null, 'Planned Activity', 'Helium Compressor Supply Pressure is low. GC and GA coolant Pressure is low. (Philips 3T Achieva)', '2025-04-11', 'Venkatakrishnan M', 'Ordered He Gas (G5) and Coolant for GC and GA', '2025-10-31', '2025-04-11', 'Parts Received', null, 'Helium Gas charged and Coolant filled on GC & GA. Values are within the Spec.', 'Closed', false, false, '[]'::jsonb);
insert into public.tickets (id, month, src_row, customer_raw, customer, asset_code, town, state, contract, call_date, call_type, model, sys_status, issue, attended_date, engineer, parts, parts_req_date, parts_recv_date, parts_status, sys_up_date, resolution, status, orphaned, unmatched, ambiguities) values ('TKT-Oct2025-025', 'Oct 2025', 26, 'Dr.kennady diagnostic -velachery', 'Dr Prakash kennedy', 'AN022', 'Chennai', 'TN', 'Warranty', null, 'Installation', null, 'Partially Working', 'Need to supply parts', null, 'Siva', null, null, null, null, null, 'requirements 1.torso coil 2.15ch spine coil 3.knee coil 4.pulse gating cable 5.trigger module battery sets 6.still not get sign IRs', 'Open', false, false, '[]'::jsonb);
insert into public.tickets (id, month, src_row, customer_raw, customer, asset_code, town, state, contract, call_date, call_type, model, sys_status, issue, attended_date, engineer, parts, parts_req_date, parts_recv_date, parts_status, sys_up_date, resolution, status, orphaned, unmatched, ambiguities) values ('TKT-Oct2025-026', 'Oct 2025', 27, 'anderson diagnostic centre', 'anderson diagnostic centre', null, null, null, 'CMC', '2025-10-29', 'Incident', null, 'Partially Working', 'standby s23 rf replaced by orginal s30 rf amp', '2025-10-29', 'siva', 's23 to s30', '2025-11-30', '2025-12-01', 'Parts Received', '2025-03-11', 'repaired and resolved', 'Closed', false, true, '[]'::jsonb);
insert into public.tickets (id, month, src_row, customer_raw, customer, asset_code, town, state, contract, call_date, call_type, model, sys_status, issue, attended_date, engineer, parts, parts_req_date, parts_recv_date, parts_status, sys_up_date, resolution, status, orphaned, unmatched, ambiguities) values ('TKT-Oct2025-027', 'Oct 2025', 28, 'anderson diagnostic centre', 'anderson diagnostic centre', null, null, null, 'CMC', '2025-10-25', 'Incident', null, 'Philips 1.5T Achieva', 'unknow coil encounter', '2025-12-09', 'siva', '16ch nv coil', null, null, 'Parts Awaited', null, 'repaired and resolved', 'Closed', false, true, '[]'::jsonb);
insert into public.tickets (id, month, src_row, customer_raw, customer, asset_code, town, state, contract, call_date, call_type, model, sys_status, issue, attended_date, engineer, parts, parts_req_date, parts_recv_date, parts_status, sys_up_date, resolution, status, orphaned, unmatched, ambiguities) values ('TKT-Nov2025-028', 'Nov 2025', 2, 'Deepa MRI & Diagnostics Center', 'Dr. Shreyas (Deepa Fortune)', 'AN015_DEEP', 'Mandya', 'KA', 'CMC', '2025-11-01', 'Incident', 'Philips 1.5T Achieva', 'Partially Working', 'Table Not Working,automatically', '2025-11-01', 'Ashokkumar K & Akhil T', 'Table 24 V Power Supply', null, null, 'Parts Awaited', '2025-11-08', 'Replaced the 24V Power Supply and tune the remaining SMPS.Now table working fine, Observation.', 'Closed', false, false, '[]'::jsonb);
insert into public.tickets (id, month, src_row, customer_raw, customer, asset_code, town, state, contract, call_date, call_type, model, sys_status, issue, attended_date, engineer, parts, parts_req_date, parts_recv_date, parts_status, sys_up_date, resolution, status, orphaned, unmatched, ambiguities) values ('TKT-Nov2025-029', 'Nov 2025', 3, 'Oaktree Diagnostics Centre', 'OAKTree Diagnostic Centre', 'AN010', 'Calicut', 'KL', 'CMC', '2025-11-01', 'Incident', 'Philips 1.5T Achieva', 'Partially Working', 'Filter panel power supply issue.', '2025-11-02', 'Neeraj . p', 'NA', null, null, null, null, 'Remove the power supply and reconnect .', 'Closed', false, false, '[]'::jsonb);
insert into public.tickets (id, month, src_row, customer_raw, customer, asset_code, town, state, contract, call_date, call_type, model, sys_status, issue, attended_date, engineer, parts, parts_req_date, parts_recv_date, parts_status, sys_up_date, resolution, status, orphaned, unmatched, ambiguities) values ('TKT-Nov2025-030', 'Nov 2025', 4, 'SKS Hospital, Salem', 'SKS Hospital', null, 'Salem', 'TN', 'CMC', '2025-11-01', 'Incident', 'DR Mini 90', 'Partially Working', 'DR Mini 90 system not Exposing. Taken system to CWC for Repair.', '2025-11-01', 'Prem Anand/Venkatakrishnan', 'Taken system to CWC for Repair', null, null, 'Parts Received', '2025-11-11', 'Controller board issue. Repaired the Controller board. Now, It is Exposing.', 'Closed', false, true, '[]'::jsonb);
insert into public.tickets (id, month, src_row, customer_raw, customer, asset_code, town, state, contract, call_date, call_type, model, sys_status, issue, attended_date, engineer, parts, parts_req_date, parts_recv_date, parts_status, sys_up_date, resolution, status, orphaned, unmatched, ambiguities) values ('TKT-Nov2025-031', 'Nov 2025', 5, 'Magnus Diagnostics Center', 'Magnus Bangalore', 'AN017', 'Bangalore', 'KA', 'Warranty', '2025-11-03', 'Incident', 'Philips 3T Achieva', 'Partially Working', 'scan stopping in-between', '2025-11-03', 'Ashokkumar & Akhil T', 'NA', null, null, null, null, 'Replaced all screws in coil coonector and female socket on magnet.', 'Closed', false, false, '[]'::jsonb);
insert into public.tickets (id, month, src_row, customer_raw, customer, asset_code, town, state, contract, call_date, call_type, model, sys_status, issue, attended_date, engineer, parts, parts_req_date, parts_recv_date, parts_status, sys_up_date, resolution, status, orphaned, unmatched, ambiguities) values ('TKT-Nov2025-032', 'Nov 2025', 6, 'Magnus Diagnostics Center', 'Magnus Bangalore', 'AN017', 'Bangalore', 'KA', 'Warranty', '2025-11-03', 'Incident', 'Philips 3T Achieva', 'Planned Activity', 'GA & GC Pressure low', '2025-11-07', 'Ashokkumar & Akhil T', 'Coolant for GA and filling pump', '2025-05-11', '2025-07-11', 'Parts Received', null, 'Refilled GA & GC coolant successfully. Supplied immobilizer strap for abdomen coil.', 'Closed', false, false, '[]'::jsonb);
insert into public.tickets (id, month, src_row, customer_raw, customer, asset_code, town, state, contract, call_date, call_type, model, sys_status, issue, attended_date, engineer, parts, parts_req_date, parts_recv_date, parts_status, sys_up_date, resolution, status, orphaned, unmatched, ambiguities) values ('TKT-Nov2025-033', 'Nov 2025', 7, 'Dr.Kennedy Scans, Nanganallur', 'Kennedy scans Nanganallur', 'AN016_NANG', 'Chennai', 'TN', 'Labour Only', '2025-11-04', 'Incident', 'GE 1.5T Brivo MR355', 'Partially Working', 'Invalid Coil Error shown. Coil ID not detecting.(GE 1.5T Brivo MR355)', '2025-11-04', 'Venkatakrishnan M', 'NA', null, null, null, '2025-11-04', 'PA Coil cable loosen at bottom of the Cradle. Now it is working properly.', 'Closed', false, false, '[]'::jsonb);
insert into public.tickets (id, month, src_row, customer_raw, customer, asset_code, town, state, contract, call_date, call_type, model, sys_status, issue, attended_date, engineer, parts, parts_req_date, parts_recv_date, parts_status, sys_up_date, resolution, status, orphaned, unmatched, ambiguities) values ('TKT-Nov2025-034', 'Nov 2025', 8, 'Isha Diagnostic Centre', 'Isha Diagnostics', 'AN007', 'Bangalore', 'KA', 'CMC', '2025-11-04', 'Incident', 'Philips 1.5T Achieva', 'Partially Working', 'Spine coil Images are getting Artifacts', '2025-11-04', 'Ashokkumar & Akhik', 'NA', null, null, null, null, 'Supplied ODU Adapter and fix it properly now it''s getting a good image quality', 'Closed', false, false, '[]'::jsonb);
insert into public.tickets (id, month, src_row, customer_raw, customer, asset_code, town, state, contract, call_date, call_type, model, sys_status, issue, attended_date, engineer, parts, parts_req_date, parts_recv_date, parts_status, sys_up_date, resolution, status, orphaned, unmatched, ambiguities) values ('TKT-Nov2025-035', 'Nov 2025', 9, 'Chandru Diagnostics', 'Chandru Diagnostics', 'AN008', 'Ramanagara', 'KA', 'CMC', '2025-11-05', 'Incident', 'Philips 1.5T Intera', 'Planned Activity', 'New DICOM configuration', '2025-11-06', 'Ashokkumar & Akhik', 'NA', null, null, null, null, 'Added new DICOM configuration in MRI unit', 'Closed', false, false, '[]'::jsonb);
insert into public.tickets (id, month, src_row, customer_raw, customer, asset_code, town, state, contract, call_date, call_type, model, sys_status, issue, attended_date, engineer, parts, parts_req_date, parts_recv_date, parts_status, sys_up_date, resolution, status, orphaned, unmatched, ambiguities) values ('TKT-Nov2025-036', 'Nov 2025', 10, 'JCRL Diagnistic center ,patna', 'JCRL Patna', 'AN018', 'Patna', 'BH', 'Warranty', '2025-11-05', 'Incident', 'Philips 3T Achieva', 'Down', 'all scanner not avilable showing, CDAS self test not passed, need CFINT board', '2025-11-05', 'Vivek & Chandan Abhijit sen', 'CFINT board', '2025-05-11', null, 'Parts Received', null, 'CFINT provided by Pravin Mulay partially resolved the issue, now the machine is running but all the coils connected on Port A are giving Artifact issues.', 'Closed', false, false, '[]'::jsonb);
insert into public.tickets (id, month, src_row, customer_raw, customer, asset_code, town, state, contract, call_date, call_type, model, sys_status, issue, attended_date, engineer, parts, parts_req_date, parts_recv_date, parts_status, sys_up_date, resolution, status, orphaned, unmatched, ambiguities) values ('TKT-Nov2025-037', 'Nov 2025', 11, 'Isha Diagnostic Centre', 'Isha Diagnostics', 'AN007', 'Bangalore', 'KA', 'CMC', '2025-11-06', 'Incident', 'Philips 1.5T Achieva', 'Partially Working', 'scan stopping in-between in Flex M coil', '2025-11-08', 'Ashokkumar & Akhik', 'NA', null, null, null, null, 'Replaced the coil spacer in connector', 'Closed', false, false, '[]'::jsonb);
insert into public.tickets (id, month, src_row, customer_raw, customer, asset_code, town, state, contract, call_date, call_type, model, sys_status, issue, attended_date, engineer, parts, parts_req_date, parts_recv_date, parts_status, sys_up_date, resolution, status, orphaned, unmatched, ambiguities) values ('TKT-Nov2025-038', 'Nov 2025', 12, 'TMC', 'Tiruvarur Medical Centre', 'AN004', 'Tiruvarur', 'TN', 'CMC', '2025-11-07', 'Incident', 'Philips 1.5T Achieva', 'Partially Working', 'Gradient issue, 16V power supply', '2025-11-07', 'Siva', '271 modulator board', '2025-08-10', '2025-07-10', 'Parts Received', null, 'partial running.need good part to replace. given modulator board for repair attempt', 'Closed', false, false, '[]'::jsonb);
insert into public.tickets (id, month, src_row, customer_raw, customer, asset_code, town, state, contract, call_date, call_type, model, sys_status, issue, attended_date, engineer, parts, parts_req_date, parts_recv_date, parts_status, sys_up_date, resolution, status, orphaned, unmatched, ambiguities) values ('TKT-Nov2025-039', 'Nov 2025', 13, 'BDC Muzaffarpur', 'Bhavani Diagnostic Centre', 'AN003', 'Muzaffarpur', 'BH', 'CMC', '2025-11-07', 'Incident', 'Philips 3T Achieva', 'Down', 'The MR boot setup process service is not avilable , system is not boot', '2025-11-07', 'Chandan', 'NA', null, null, null, null, 'System is not boot due to instant power failour, recover the patient data base, system is working', 'Closed', false, false, '[]'::jsonb);
insert into public.tickets (id, month, src_row, customer_raw, customer, asset_code, town, state, contract, call_date, call_type, model, sys_status, issue, attended_date, engineer, parts, parts_req_date, parts_recv_date, parts_status, sys_up_date, resolution, status, orphaned, unmatched, ambiguities) values ('TKT-Nov2025-040', 'Nov 2025', 14, 'BDC Muzaffarpur', 'Bhavani Diagnostic Centre', 'AN003', 'Muzaffarpur', 'BH', 'CMC', '2025-11-07', 'Incident', 'Philips 3T Achieva', 'Planned Activity', 'UPS Battery replacement.', '2025-11-13', 'Chandan', '32nos Batteries', null, '2025-11-13', 'Parts Received', '2025-11-13', '32 cells replaced,', 'Closed', false, false, '[]'::jsonb);
insert into public.tickets (id, month, src_row, customer_raw, customer, asset_code, town, state, contract, call_date, call_type, model, sys_status, issue, attended_date, engineer, parts, parts_req_date, parts_recv_date, parts_status, sys_up_date, resolution, status, orphaned, unmatched, ambiguities) values ('TKT-Nov2025-041', 'Nov 2025', 15, 'Dr.kennady diagnostic - velachery', 'Dr Prakash kennedy', 'AN022', 'Chennai', 'TN', 'Warranty', '2025-11-13', 'PMS', 'Philips 3T Achieva', 'Planned Activity', 'Preventive maintenance service', '2025-11-13', 'Siva/Venkat', 'N/A', null, null, null, '2025-11-13', 'CDAS Selftest Completed. F0 Determination completed. Disk storage cleared. CDAS Fan Filter Cleaned.', 'Closed', false, false, '[]'::jsonb);
insert into public.tickets (id, month, src_row, customer_raw, customer, asset_code, town, state, contract, call_date, call_type, model, sys_status, issue, attended_date, engineer, parts, parts_req_date, parts_recv_date, parts_status, sys_up_date, resolution, status, orphaned, unmatched, ambiguities) values ('TKT-Nov2025-042', 'Nov 2025', 16, 'JCRL Diagnistic center ,patna', 'JCRL Patna', 'AN018', 'Patna', 'BH', 'Warranty', '2025-11-14', 'Incident', 'Philips 3T Achieva', 'Down', 'Fatal gradient error (Z-Axis 5V out of Tol)', '2025-11-14', 'Chandan/Vivek/Abhijit/Praveen', 'No Parts Ordered, Praveen repaired the Gradient', null, null, 'Parts Awaited', '2025-11-14', 'Repaired the Gradient Amp, replaced the burnt capacitor. Took a phantom scan to check its funtionality.', 'Closed', false, false, '[]'::jsonb);
insert into public.tickets (id, month, src_row, customer_raw, customer, asset_code, town, state, contract, call_date, call_type, model, sys_status, issue, attended_date, engineer, parts, parts_req_date, parts_recv_date, parts_status, sys_up_date, resolution, status, orphaned, unmatched, ambiguities) values ('TKT-Nov2025-043', 'Nov 2025', 17, 'JCRL Diagnistic center ,patna', 'JCRL Patna', 'AN018', 'Patna', 'BH', 'Warranty', '2025-11-14', 'Incident', 'Philips 3T Achieva', 'Partially Working', 'Artifact in all the coils connected in port A', '2025-11-14', 'Chandan/Vivek/Abhijit/Praveen', 'MRX Board & ODU', '2025-11-15', null, 'Parts Awaited', null, 'MRX1 board is failing Tests.', 'Closed', false, false, '[]'::jsonb);
insert into public.tickets (id, month, src_row, customer_raw, customer, asset_code, town, state, contract, call_date, call_type, model, sys_status, issue, attended_date, engineer, parts, parts_req_date, parts_recv_date, parts_status, sys_up_date, resolution, status, orphaned, unmatched, ambiguities) values ('TKT-Nov2025-044', 'Nov 2025', 18, 'TRR', 'TRR Medical Hyderabad', 'AN019', 'Hyderabad', 'TS', 'Warranty', null, 'Installation', 'Philips 1.5T Achieva', 'Down', 'Installation is on hold for the following boards: CFINT, TXR, MRX', null, 'Jimmy', 'CFINT, TXR, MRX', null, null, 'Parts Awaited', null, 'CDAS and PFEI tests are passing after replacing the TXR board', 'Closed', false, false, '[]'::jsonb);
insert into public.tickets (id, month, src_row, customer_raw, customer, asset_code, town, state, contract, call_date, call_type, model, sys_status, issue, attended_date, engineer, parts, parts_req_date, parts_recv_date, parts_status, sys_up_date, resolution, status, orphaned, unmatched, ambiguities) values ('TKT-Nov2025-045', 'Nov 2025', 19, 'Nivi Hi-Tech Scans, Namakkal', 'Nivi Scans Namakkal', 'AN020B', 'Namakkal', 'TN', 'Warranty', '2025-11-14', 'Remote', 'GE 1.5T HDXT', 'Partially Working', 'CD writing Issue on ADW 4.7.', '2025-11-14', 'Venkatakrishnan M', 'NA', null, null, null, '2025-11-14', 'Reconnected the cable in the DVD Drive and then restarted the system. Advised them to use other brand CD.', 'Closed', false, false, '[]'::jsonb);
insert into public.tickets (id, month, src_row, customer_raw, customer, asset_code, town, state, contract, call_date, call_type, model, sys_status, issue, attended_date, engineer, parts, parts_req_date, parts_recv_date, parts_status, sys_up_date, resolution, status, orphaned, unmatched, ambiguities) values ('TKT-Nov2025-046', 'Nov 2025', 20, 'Isha Diagnostic Centre', 'Isha Diagnostics', 'AN007', 'Bangalore', 'KA', 'CMC', '2025-11-17', 'Incident', 'Philips 1.5T Achieva', 'Planned Activity', 'Artifact with Flex M Coil', '2025-11-18', 'Ashokkumar', 'NA', null, null, null, null, 'I opened the coil and disconnected all the connections, then reconnected them. Inside the coil, one channel''s male pin was bent, so I corrected the pin. Now the coil is working fine.', 'Closed', false, false, '[]'::jsonb);
insert into public.tickets (id, month, src_row, customer_raw, customer, asset_code, town, state, contract, call_date, call_type, model, sys_status, issue, attended_date, engineer, parts, parts_req_date, parts_recv_date, parts_status, sys_up_date, resolution, status, orphaned, unmatched, ambiguities) values ('TKT-Nov2025-047', 'Nov 2025', 21, 'Dr.kennady diagnostics, velachery', 'Dr Prakash kennedy', 'AN022', 'Chennai', 'TN', 'Warranty', '2025-11-18', 'Testing', 'Philips 3T Achieva', 'Partially Working', '(Unknown coil encountered) Error comes on SENSE Knee coil 3T/8ch', '2025-11-18', 'Siva/Venkat', 'Coil 1 - (S.No - 000135) & Coil 2 - (S.No - 000058)', '2025-11-18', null, 'Parts Awaited', '2025-11-18', 'Checked the both Knee coils. 1. Confirmed that Knee 8ch Coil option Enabled on Coil Admistration. 2. Tried on Both A & B port. 3. Checked the ODU connector pins.(Good) But still coil is not detecting.', 'Open', false, false, '[]'::jsonb);
insert into public.tickets (id, month, src_row, customer_raw, customer, asset_code, town, state, contract, call_date, call_type, model, sys_status, issue, attended_date, engineer, parts, parts_req_date, parts_recv_date, parts_status, sys_up_date, resolution, status, orphaned, unmatched, ambiguities) values ('TKT-Nov2025-048', 'Nov 2025', 22, 'Dr.Kennedy Scans, Nanganallur', 'Kennedy scans Nanganallur', 'AN016_NANG', 'Chennai', 'TN', 'Labour Only', '2025-11-19', 'Incident', 'GE 1.5T Brivo MR355', 'Partially Working', 'PDU Stop mode. Emergency button pressed or PDU 24V Supply has Failed.', '2025-11-19', 'Venkatakrishnan M', 'NA', null, null, null, '2025-11-19', 'Checked the all Emergency button is unlocked. Cabinet monitor Bypass connection checked and Restarted the System.', 'Closed', false, false, '[]'::jsonb);
insert into public.tickets (id, month, src_row, customer_raw, customer, asset_code, town, state, contract, call_date, call_type, model, sys_status, issue, attended_date, engineer, parts, parts_req_date, parts_recv_date, parts_status, sys_up_date, resolution, status, orphaned, unmatched, ambiguities) values ('TKT-Nov2025-049', 'Nov 2025', 23, 'Isha Diagnostic Centre', 'Isha Diagnostics', 'AN007', 'Bangalore', 'KA', 'CMC', '2025-11-21', 'Incident', 'Philips 1.5T Achieva', 'Partially Working', 'The Q Body Coil in the body connector shows a malfunction', '2025-11-21', 'Ashokkumar & Akhil', 'NA', null, null, null, '2025-11-21', 'Humidity is High and the issue is resolved upon restarting the machine.', 'Closed', false, false, '[]'::jsonb);
insert into public.tickets (id, month, src_row, customer_raw, customer, asset_code, town, state, contract, call_date, call_type, model, sys_status, issue, attended_date, engineer, parts, parts_req_date, parts_recv_date, parts_status, sys_up_date, resolution, status, orphaned, unmatched, ambiguities) values ('TKT-Nov2025-050', 'Nov 2025', 24, 'Isha Diagnostic Centre', 'Isha Diagnostics', 'AN007', 'Bangalore', 'KA', 'CMC', '2025-11-21', 'Incident', 'Philips 1.5T Achieva', 'Partially Working', 'Scan stopping in between in flex M coil', '2025-11-21', 'Ashokkumar & Akhil', 'NA', null, null, null, '2025-11-21', 'Checked error log GRADDUMP file, Found X1 Cold Plate Over Temp error.(Intermittent issue)', 'Closed', false, false, '[]'::jsonb);
insert into public.tickets (id, month, src_row, customer_raw, customer, asset_code, town, state, contract, call_date, call_type, model, sys_status, issue, attended_date, engineer, parts, parts_req_date, parts_recv_date, parts_status, sys_up_date, resolution, status, orphaned, unmatched, ambiguities) values ('TKT-Nov2025-051', 'Nov 2025', 25, 'TMC, Tiruvarur', 'Tiruvarur Medical Centre', 'AN004', 'Tiruvarur', 'TN', 'CMC', '2025-11-22', 'Incident', 'Philips 1.5T Achieva', 'Partially Working', 'Gradient Amplifier issue. 16V out of Tolerance Error: Rack Fault', '2025-11-23', 'Venkatakrishnan M', '271 Gradient Modulator Board', null, null, 'Parts Awaited', '2025-11-23', 'Partial running.Need good part to replace. Pravin mulay fixed it.', 'Closed', false, false, '[]'::jsonb);
insert into public.tickets (id, month, src_row, customer_raw, customer, asset_code, town, state, contract, call_date, call_type, model, sys_status, issue, attended_date, engineer, parts, parts_req_date, parts_recv_date, parts_status, sys_up_date, resolution, status, orphaned, unmatched, ambiguities) values ('TKT-Nov2025-052', 'Nov 2025', 26, 'JCRL Diagnistic center ,patna', 'JCRL Patna', 'AN018', 'Patna', 'BH', 'Warranty', '2025-11-23', 'Incident', 'Philips 3T Achieva', 'Down', 'LCC error detected.', '2025-11-23', 'Vivek & Chandan', 'Gradient Coolant', null, null, 'Parts Awaited', '2025-11-23', 'GA circuit coolant was less, after topup the issue was resolved.', 'Closed', false, false, '[]'::jsonb);
insert into public.tickets (id, month, src_row, customer_raw, customer, asset_code, town, state, contract, call_date, call_type, model, sys_status, issue, attended_date, engineer, parts, parts_req_date, parts_recv_date, parts_status, sys_up_date, resolution, status, orphaned, unmatched, ambiguities) values ('TKT-Nov2025-053', 'Nov 2025', 27, 'Nivi Hi-Tech Scans, Namakkal', 'Nivi Scans Namakkal', 'AN020B', 'Namakkal', 'TN', 'Warranty', '2025-11-24', 'Incident', 'GE 1.5T HDXT', 'Partially Working', 'Knee Coil connectivity issue.', '2025-11-24', 'Venkatakrishnan M', 'NA', null, null, null, '2025-11-25', 'Bottom part of the coil pin slot got damaged while fixing. Need to replace with new one.', 'Closed', false, false, '[]'::jsonb);
insert into public.tickets (id, month, src_row, customer_raw, customer, asset_code, town, state, contract, call_date, call_type, model, sys_status, issue, attended_date, engineer, parts, parts_req_date, parts_recv_date, parts_status, sys_up_date, resolution, status, orphaned, unmatched, ambiguities) values ('TKT-Nov2025-054', 'Nov 2025', 28, 'Nucleus Pune', 'Nucleus diagnostic', 'AN021', 'Pune', 'MH', 'CMC', '2025-11-26', 'Incident', 'Philips 3T Achieva', 'Down', 'UPS is down', '2025-11-26', 'Mohan/Yogesh', null, null, null, null, null, 'AC DC capacitor to be replaced. Attended by UPS vendor.', 'Closed', false, false, '[]'::jsonb);
insert into public.tickets (id, month, src_row, customer_raw, customer, asset_code, town, state, contract, call_date, call_type, model, sys_status, issue, attended_date, engineer, parts, parts_req_date, parts_recv_date, parts_status, sys_up_date, resolution, status, orphaned, unmatched, ambiguities) values ('TKT-Nov2025-055', 'Nov 2025', 29, 'BTGH, Kalaburgi', 'HKES Basaveshwara', 'AN001', 'Gulbargah', 'KA', 'CMC', '2025-11-27', 'PMS', 'Philips 1.5T Achieva', 'Planned Activity', 'Preventive maintenance service. Completed sucessfully', '2025-11-27', 'Jimmy', 'NA', null, null, null, null, 'CDAS Selftest Completed. F0 Determination completed. Disk storage cleared. CDAS Fan Filter Cleaned.', 'Closed', false, false, '[]'::jsonb);
insert into public.tickets (id, month, src_row, customer_raw, customer, asset_code, town, state, contract, call_date, call_type, model, sys_status, issue, attended_date, engineer, parts, parts_req_date, parts_recv_date, parts_status, sys_up_date, resolution, status, orphaned, unmatched, ambiguities) values ('TKT-Nov2025-056', 'Nov 2025', 30, 'BTGH, Kalaburgi', 'HKES Basaveshwara', 'AN001', 'Gulbargah', 'KA', 'CMC', '2025-11-27', 'Incident', 'Philips 1.5T Achieva', 'Partially Working', 'NV Coil get disconnected in between scan in port A', '2025-11-27', 'Jimmy', 'NA', null, null, null, '2025-11-27', 'Reconnected all connections in NV coil. Found NV Coil working fine.', 'Closed', false, false, '[]'::jsonb);
insert into public.tickets (id, month, src_row, customer_raw, customer, asset_code, town, state, contract, call_date, call_type, model, sys_status, issue, attended_date, engineer, parts, parts_req_date, parts_recv_date, parts_status, sys_up_date, resolution, status, orphaned, unmatched, ambiguities) values ('TKT-Nov2025-057', 'Nov 2025', 31, 'Dr.Kennedy Scans, Nanganallur', 'Kennedy scans Nanganallur', 'AN016_NANG', 'Chennai', 'TN', 'Labour Only', '2025-11-27', 'Incident', 'GE 1.5T Brivo MR355', 'Partially Working', 'PDU Stop mode. Emergency button pressed or PDU 24V Supply has Failed.', '2025-11-27', 'Venkatakrishnan M', 'PDU Control board & Cabinet Monitor', '2025-11-27', null, 'Parts Awaited', '2025-11-27', 'Since it is in AMC, Customer has to buy a parts', 'Closed', false, false, '[]'::jsonb);
insert into public.tickets (id, month, src_row, customer_raw, customer, asset_code, town, state, contract, call_date, call_type, model, sys_status, issue, attended_date, engineer, parts, parts_req_date, parts_recv_date, parts_status, sys_up_date, resolution, status, orphaned, unmatched, ambiguities) values ('TKT-Nov2025-058', 'Nov 2025', 32, 'Dr.Kennedy Scans, Velachery', 'Dr Prakash kennedy', 'AN022', 'Chennai', 'TN', 'Warranty', '2025-11-27', 'Customer Meeting', 'Philips 3T Achieva', 'Planned Activity', 'NA', '2025-11-27', 'Venkatakrishnan M', 'NA', null, null, null, '2025-11-27', 'Meeting with Uma Madam ( Site In-charge) regarding pending payments & coils', 'Closed', false, false, '[]'::jsonb);
insert into public.tickets (id, month, src_row, customer_raw, customer, asset_code, town, state, contract, call_date, call_type, model, sys_status, issue, attended_date, engineer, parts, parts_req_date, parts_recv_date, parts_status, sys_up_date, resolution, status, orphaned, unmatched, ambiguities) values ('TKT-Nov2025-059', 'Nov 2025', 33, 'Nucleus Pune', 'Nucleus diagnostic', 'AN021', 'Pune', 'MH', 'CMC', '2025-11-28', 'Incident', 'Philips 3T Achieva', 'Down', 'LCC motor tripped', '2025-11-28', 'Mohan/Abhijit', null, null, null, null, '2025-11-28', 'Resetted the OLR, Issue resolved.', 'Closed', false, false, '[]'::jsonb);
insert into public.tickets (id, month, src_row, customer_raw, customer, asset_code, town, state, contract, call_date, call_type, model, sys_status, issue, attended_date, engineer, parts, parts_req_date, parts_recv_date, parts_status, sys_up_date, resolution, status, orphaned, unmatched, ambiguities) values ('TKT-Nov2025-060', 'Nov 2025', 34, 'Magnus Diagnostics Center', 'Magnus Bangalore', 'AN017', 'Bangalore', 'KA', 'Warranty', '2025-11-29', 'Incident', 'Philips 3T Achieva', 'Down', 'Spectrometer initializing', '2025-11-29', 'Ashokkumar', 'NA', null, null, null, '2025-11-29', 'After reconnecting the Ethernet cables between the CDAS and the Host PC, and restarting the entire machine, the scan is now running fine', 'Closed', false, false, '[]'::jsonb);
insert into public.tickets (id, month, src_row, customer_raw, customer, asset_code, town, state, contract, call_date, call_type, model, sys_status, issue, attended_date, engineer, parts, parts_req_date, parts_recv_date, parts_status, sys_up_date, resolution, status, orphaned, unmatched, ambiguities) values ('TKT-Nov2025-061', 'Nov 2025', 35, 'Lifeline, Pune', 'Lifeline Superspeciality', 'AN014', 'Pandharpur', 'MH', 'CMC', '2025-11-29', 'Incident', 'Philips 1.5T Achieva', 'Planned Activity', 'Chiller Is tripping', '2025-11-29', 'Mohan', null, null, null, null, null, 'Chiller person to visit the site today.', 'Closed', false, false, '[]'::jsonb);
insert into public.tickets (id, month, src_row, customer_raw, customer, asset_code, town, state, contract, call_date, call_type, model, sys_status, issue, attended_date, engineer, parts, parts_req_date, parts_recv_date, parts_status, sys_up_date, resolution, status, orphaned, unmatched, ambiguities) values ('TKT-Nov2025-062', 'Nov 2025', 36, 'TMC, Tiruvarur', 'Tiruvarur Medical Centre', 'AN004', 'Tiruvarur', 'TN', 'CMC', '2025-11-30', 'Incident', 'Philips 1.5T Achieva', 'Down', 'Gradient Amplifier issue. 16V out of Tolerance Error: Rack Fault', '2025-11-23', 'Siva/Pravin', '271 Gradient Modulator Board', null, null, 'Parts Awaited', null, 'Pravin Mulay is at site.', 'Closed', false, false, '[]'::jsonb);
insert into public.tickets (id, month, src_row, customer_raw, customer, asset_code, town, state, contract, call_date, call_type, model, sys_status, issue, attended_date, engineer, parts, parts_req_date, parts_recv_date, parts_status, sys_up_date, resolution, status, orphaned, unmatched, ambiguities) values ('TKT-Nov2025-063', 'Nov 2025', 37, 'Ruby Medical Services Chiplun', 'Ruby Medical Services', 'AN008B', 'Chiplun', 'MH', 'CMC', '2025-11-24', 'Incident', 'Philips 1.5T Achieva', 'Planned Activity', 'Spain coil Pins Damage, Coil not working', '2025-11-25', 'Mohan', 'Required Spain Cable', '2025-11-26', '2025-12-03', 'Parts Received', '2025-12-03', null, null, false, false, '[]'::jsonb);
insert into public.tickets (id, month, src_row, customer_raw, customer, asset_code, town, state, contract, call_date, call_type, model, sys_status, issue, attended_date, engineer, parts, parts_req_date, parts_recv_date, parts_status, sys_up_date, resolution, status, orphaned, unmatched, ambiguities) values ('TKT-Nov2025-064', 'Nov 2025', 38, 'Ruby Medical Services Chiplun', 'Ruby Medical Services', 'AN008B', 'Chiplun', 'MH', 'CMC', '2025-11-29', 'Incident', 'Philips 1.5T Achieva', 'Planned Activity', 'RF Error is Going on fault LED. i online supprt check the log file PA HV Low, off the rf power 10mint agaun on rf is working', '2025-11-29', 'Mohan', 'Required PA Tube', null, null, 'Parts Awaited', '2025-11-29', null, null, false, false, '[]'::jsonb);
insert into public.tickets (id, month, src_row, customer_raw, customer, asset_code, town, state, contract, call_date, call_type, model, sys_status, issue, attended_date, engineer, parts, parts_req_date, parts_recv_date, parts_status, sys_up_date, resolution, status, orphaned, unmatched, ambiguities) values ('TKT-Nov2025-065', 'Nov 2025', 39, 'BDC Muzaffarpur', 'Bhavani Diagnostic Centre', 'AN003', 'Muzaffarpur', 'BH', 'CMC', '2025-11-30', 'Incident', 'Philips 3T Achieva', 'Partially Working', 'RF error is Going on fault LED.', '2025-11-30', 'vivek/chandan', null, null, null, null, null, 'we were on online support, off th RF for 10 minut after that RF working', 'Closed', false, false, '[]'::jsonb);
insert into public.tickets (id, month, src_row, customer_raw, customer, asset_code, town, state, contract, call_date, call_type, model, sys_status, issue, attended_date, engineer, parts, parts_req_date, parts_recv_date, parts_status, sys_up_date, resolution, status, orphaned, unmatched, ambiguities) values ('TKT-Nov2025-066', 'Nov 2025', 40, 'Oak tree calicut', 'OAKTree Diagnostic Centre', 'AN010', 'Calicut', 'KL', 'CMC', null, 'Incident', 'Philips 1.5T Achieva', 'Partially Working', 'showing configuration manager message in console monitor', '2025-12-13', 'Neeraj', 'NA', null, null, null, '2025-12-13', 'shutdown the machine and again restart', 'Closed', false, false, '[]'::jsonb);
insert into public.tickets (id, month, src_row, customer_raw, customer, asset_code, town, state, contract, call_date, call_type, model, sys_status, issue, attended_date, engineer, parts, parts_req_date, parts_recv_date, parts_status, sys_up_date, resolution, status, orphaned, unmatched, ambiguities) values ('TKT-Nov2025-067', 'Nov 2025', 41, 'Oak tree Calicut', 'OAKTree Diagnostic Centre', 'AN010', 'Calicut', 'KL', 'CMC', '2025-12-17', 'Incident', 'Philips 1.5T Achieva', 'Partially Working', 'low disc space', '2025-12-17', 'Neeraj', 'NA', null, null, null, '2025-12-17', 'clear thelow disc space', 'Closed', false, false, '[]'::jsonb);
insert into public.tickets (id, month, src_row, customer_raw, customer, asset_code, town, state, contract, call_date, call_type, model, sys_status, issue, attended_date, engineer, parts, parts_req_date, parts_recv_date, parts_status, sys_up_date, resolution, status, orphaned, unmatched, ambiguities) values ('TKT-Dec2025-068', 'Dec 2025', 2, 'BTGH, Kalaburgi', 'HKES Basaveshwara', 'AN001', 'Gulbargah', 'KA', 'CMC', '2025-12-01', 'Incident', 'Philips 1.5T Achieva', 'Partially Working', 'Scanner resources not avialable.', '2025-12-01', 'Jimmy', 'NA', null, null, null, '2025-12-02', 'Initially changed the date and given system available for emergency cases. by evening system started showing values above 30, system started working without any error.', 'Closed', false, false, '[]'::jsonb);
insert into public.tickets (id, month, src_row, customer_raw, customer, asset_code, town, state, contract, call_date, call_type, model, sys_status, issue, attended_date, engineer, parts, parts_req_date, parts_recv_date, parts_status, sys_up_date, resolution, status, orphaned, unmatched, ambiguities) values ('TKT-Dec2025-069', 'Dec 2025', 3, 'JCRL, Patna', 'JCRL Patna', 'AN018', 'Patna', 'BH', 'Warranty', '2025-12-02', 'Incident', 'Philips 3T Achieva', 'Partially Working', 'Magnet pressure High, Coldhead was off due to chiller issue.', '2025-12-02', 'Vivek/Chandan', null, null, null, null, null, 'after power cut no one is reset the compressure power cyicler reset the copresser power also charege now the pressuer is setaled', 'Closed', false, false, '[]'::jsonb);
insert into public.tickets (id, month, src_row, customer_raw, customer, asset_code, town, state, contract, call_date, call_type, model, sys_status, issue, attended_date, engineer, parts, parts_req_date, parts_recv_date, parts_status, sys_up_date, resolution, status, orphaned, unmatched, ambiguities) values ('TKT-Dec2025-070', 'Dec 2025', 4, 'BTGH, Kalaburgi', 'HKES Basaveshwara', 'AN001', 'Gulbargah', 'KA', 'CMC', '2025-12-02', 'Incident', 'Philips 1.5T Achieva', 'Partially Working', 'Grainy images appearing in Flex coil while connecting in PORT B.', '2025-12-02', 'Jimmi', 'NA', null, null, null, '2025-12-02', 'Cleaned ODU Connector of port B. found system working fine. Handed over the system to customer in good working condition.', 'Closed', false, false, '[]'::jsonb);
insert into public.tickets (id, month, src_row, customer_raw, customer, asset_code, town, state, contract, call_date, call_type, model, sys_status, issue, attended_date, engineer, parts, parts_req_date, parts_recv_date, parts_status, sys_up_date, resolution, status, orphaned, unmatched, ambiguities) values ('TKT-Dec2025-071', 'Dec 2025', 5, 'BDC MUZAFFARPUR', 'Bhavani Diagnostic Centre', 'AN003', 'Muzaffarpur', 'BH', 'CMC', '2025-12-02', 'Incident', 'Philips 3T Achieva', 'Partially Working', 'scan stoped because of Emergency light and also rf amp intermittent error', '2025-12-03', 'Vivek', 'NA', null, null, null, '2025-12-03', 'The Bridge bore sensor is getting activated because of accidental touch, upon reseting the problem got resolved.', 'Closed', false, false, '[]'::jsonb);
insert into public.tickets (id, month, src_row, customer_raw, customer, asset_code, town, state, contract, call_date, call_type, model, sys_status, issue, attended_date, engineer, parts, parts_req_date, parts_recv_date, parts_status, sys_up_date, resolution, status, orphaned, unmatched, ambiguities) values ('TKT-Dec2025-072', 'Dec 2025', 6, 'KVC, Mysore', 'KVC Diagnostic Centre', null, 'Mysore', 'KA', 'CMC', '2025-12-04', 'Customer Meeting', 'Philips 1.5T Achieva', 'Planned Activity', 'Site Visit and customer meeting', '2025-12-04', 'Abhijit /Ashok', 'NA', null, null, null, '2025-12-04', 'Met the customer, inspected the site.', 'Closed', false, true, '[]'::jsonb);
insert into public.tickets (id, month, src_row, customer_raw, customer, asset_code, town, state, contract, call_date, call_type, model, sys_status, issue, attended_date, engineer, parts, parts_req_date, parts_recv_date, parts_status, sys_up_date, resolution, status, orphaned, unmatched, ambiguities) values ('TKT-Dec2025-073', 'Dec 2025', 7, 'JCRL, Patna', 'JCRL Patna', 'AN018', 'Patna', 'BH', 'Warranty', '2025-12-05', 'Incident', 'Philips 3T Achieva', 'Partially Working', 'Magnet pressure High stable now 30 mbar', '2025-12-05', 'Vivek/Chandan', null, null, null, null, null, 'after reset the copresser power also charege now the pressuer is setaled', 'Closed', false, false, '[]'::jsonb);
insert into public.tickets (id, month, src_row, customer_raw, customer, asset_code, town, state, contract, call_date, call_type, model, sys_status, issue, attended_date, engineer, parts, parts_req_date, parts_recv_date, parts_status, sys_up_date, resolution, status, orphaned, unmatched, ambiguities) values ('TKT-Dec2025-074', 'Dec 2025', 8, 'Isha Diagnostic Centre', 'Isha Diagnostics', 'AN007', 'Bangalore', 'KA', 'CMC', '2025-12-05', 'Incident', 'Philips 1.5T Achieva', 'Partially Working', 'Monitor showing "No Signal"', '2025-12-05', 'Ashokkumar & Akhil', 'NA', null, null, null, '2025-12-05', 'Fixed the DVI cable and power cord properly.Now the monitor is working fine', 'Closed', false, false, '[]'::jsonb);
insert into public.tickets (id, month, src_row, customer_raw, customer, asset_code, town, state, contract, call_date, call_type, model, sys_status, issue, attended_date, engineer, parts, parts_req_date, parts_recv_date, parts_status, sys_up_date, resolution, status, orphaned, unmatched, ambiguities) values ('TKT-Dec2025-075', 'Dec 2025', 9, 'Thiruvarur medical centre', 'Tiruvarur Medical Centre', 'AN004', 'Tiruvarur', 'TN', 'CMC', '2025-12-13', 'Incident', 'Philips 1.5T Achieva', 'Partially Working', '1.16v out of tolerance 2.ssv out of tolerance. 3.current error. 4.neg.output B over current error. 5.pos.output A over current error.', '0207-06-11', 'siva', 'defective axis,modulator', '2025-11-29', '2025-03-12', 'Parts Received', '2025-12-17', 'repaired and resolved and under observation', 'Closed', false, false, '[]'::jsonb);
insert into public.tickets (id, month, src_row, customer_raw, customer, asset_code, town, state, contract, call_date, call_type, model, sys_status, issue, attended_date, engineer, parts, parts_req_date, parts_recv_date, parts_status, sys_up_date, resolution, status, orphaned, unmatched, ambiguities) values ('TKT-Dec2025-076', 'Dec 2025', 10, 'Dr.Kennedy Scans, Velachery', 'Dr Prakash kennedy', 'AN022', 'Chennai', 'TN', 'CMC', '2025-12-08', 'Customer Meeting', 'Philips 3T Achieva', 'Partially Working', 'Attented ISO Audit Meeting at site.', '2025-12-08', 'Siva & Venkat', 'NA', null, null, null, null, 'Attented ISO Audit Meeting at site.', 'Closed', false, false, '[]'::jsonb);
insert into public.tickets (id, month, src_row, customer_raw, customer, asset_code, town, state, contract, call_date, call_type, model, sys_status, issue, attended_date, engineer, parts, parts_req_date, parts_recv_date, parts_status, sys_up_date, resolution, status, orphaned, unmatched, ambiguities) values ('TKT-Dec2025-077', 'Dec 2025', 11, 'Isha Diagnostic Centre', 'Isha Diagnostics', 'AN007', 'Bangalore', 'KA', 'CMC', '2025-12-08', 'Incident', 'Philips 1.5T Achieva', 'Down', '425V A Out of Tol.(X axis)', '2025-12-08', 'Ashokkumar & Akhil', 'Gradient axis amplifier', '2025-12-08', '2025-12-09', 'Parts Received', '2025-12-10', 'X axis gradient Fixed and replaced by Pravin Muley. more than 25 patient scans performed, kept under observation.', 'Closed', false, false, '[]'::jsonb);
insert into public.tickets (id, month, src_row, customer_raw, customer, asset_code, town, state, contract, call_date, call_type, model, sys_status, issue, attended_date, engineer, parts, parts_req_date, parts_recv_date, parts_status, sys_up_date, resolution, status, orphaned, unmatched, ambiguities) values ('TKT-Dec2025-078', 'Dec 2025', 12, 'Nivi Hi-Tech Scans, Namakkal', 'Nivi Scans Namakkal', 'AN020B', 'Namakkal', 'TN', 'Warranty', '2025-12-09', 'Incident', 'GE 1.5T HDXT', 'Partially Working', 'Outdoor werner chiller error. High Pressure Circuit 2', '2025-12-10', 'Werner Chiller Engineer', 'Chiller fan by werner team', null, null, 'Parts Awaited', null, 'Replaced the Chiller fan.', 'Closed', false, false, '[]'::jsonb);
insert into public.tickets (id, month, src_row, customer_raw, customer, asset_code, town, state, contract, call_date, call_type, model, sys_status, issue, attended_date, engineer, parts, parts_req_date, parts_recv_date, parts_status, sys_up_date, resolution, status, orphaned, unmatched, ambiguities) values ('TKT-Dec2025-079', 'Dec 2025', 13, 'Nucleus Diagnostic pune', 'Nucleus diagnostic', 'AN021', 'Pune', 'MH', 'CMC', '2025-12-10', 'Incident', 'Philips 3T Achieva', 'Planned Activity', 'solder coil image quality issue', '2025-12-10', 'Mohan', 'NA', null, null, null, '2025-12-10', 'i opne the coil reset all conection clin the coil pins after coil working', 'Closed', false, false, '[]'::jsonb);
insert into public.tickets (id, month, src_row, customer_raw, customer, asset_code, town, state, contract, call_date, call_type, model, sys_status, issue, attended_date, engineer, parts, parts_req_date, parts_recv_date, parts_status, sys_up_date, resolution, status, orphaned, unmatched, ambiguities) values ('TKT-Dec2025-080', 'Dec 2025', 14, 'TRR', 'TRR Medical Hyderabad', 'AN019', 'Hyderabad', 'TS', 'Warranty', '2025-12-11', 'Installation', 'Philips 1.5T Achieva', 'Partially Working', 'All the calibrations are complete, Now waiting for the NV coil and MRX borad to heand over the machine.', null, 'Jimmy', 'ADCI board, 281 modulator board, BTU Fiber cable', null, null, 'Parts Awaited', null, 'The following parts are recived and all the calibrations are complete. now waiting for NV coil and MRX.', 'Closed', false, false, '[]'::jsonb);
insert into public.tickets (id, month, src_row, customer_raw, customer, asset_code, town, state, contract, call_date, call_type, model, sys_status, issue, attended_date, engineer, parts, parts_req_date, parts_recv_date, parts_status, sys_up_date, resolution, status, orphaned, unmatched, ambiguities) values ('TKT-Dec2025-081', 'Dec 2025', 15, 'KVC Diagnostic Centre, Mysore', 'KVC Diagnostic Centre', null, 'Mysore', 'KA', 'CMC', '2025-12-14', 'Incident', 'Philips 1.5T Achieva', 'Partially Working', 'Scan stopping with dual coil combination, NV coil+Spine coil.', '2025-12-16', 'AKHIL T', 'NA', null, null, null, null, 'Checked voltages on MMX8 on PFEI while scanning,without scan , without coil, All the time voltages are within the limit.Need to clean ODU socket and coil connectors, Doctor given appointment on 21-12-25.', 'Closed', false, true, '[]'::jsonb);
insert into public.tickets (id, month, src_row, customer_raw, customer, asset_code, town, state, contract, call_date, call_type, model, sys_status, issue, attended_date, engineer, parts, parts_req_date, parts_recv_date, parts_status, sys_up_date, resolution, status, orphaned, unmatched, ambiguities) values ('TKT-Dec2025-082', 'Dec 2025', 16, 'KVC Diagnostic Centre, Mysore', 'KVC Diagnostic Centre', null, 'Mysore', 'KA', 'CMC', '2025-12-14', 'Incident', 'Philips 1.5T Achieva', 'Partially Working', 'Scan stopping with dual coil combination, NV coil+Spine coil. In table the patient module unit,the holding screws got lose.', '2025-12-21', 'Ashokkumar K', 'NA', null, null, null, null, 'In Spine coil one spacer is broken and replaced with defective coil and its working fine,After that,openned the table and fixed the patient module screws.', 'Closed', false, true, '[]'::jsonb);
insert into public.tickets (id, month, src_row, customer_raw, customer, asset_code, town, state, contract, call_date, call_type, model, sys_status, issue, attended_date, engineer, parts, parts_req_date, parts_recv_date, parts_status, sys_up_date, resolution, status, orphaned, unmatched, ambiguities) values ('TKT-Dec2025-083', 'Dec 2025', 17, 'BDC MUZAFFARPUR', 'Bhavani Diagnostic Centre', 'AN003', 'Muzaffarpur', 'BH', 'CMC', '2025-12-15', 'Incident', 'Philips 3T Achieva', 'Partially Working', 'scan stoped rf amp intermittent error but after that machine is working', '2025-12-15', 'Vivek/Chandan', 'NA', null, null, null, '2025-12-15', 'in one or two day gap rf amp give the errorscan aborred. rf amplifire power in progress', 'Open', false, false, '[]'::jsonb);
insert into public.tickets (id, month, src_row, customer_raw, customer, asset_code, town, state, contract, call_date, call_type, model, sys_status, issue, attended_date, engineer, parts, parts_req_date, parts_recv_date, parts_status, sys_up_date, resolution, status, orphaned, unmatched, ambiguities) values ('TKT-Dec2025-084', 'Dec 2025', 18, 'Oak Tree Diagnostics', 'OAKTree Diagnostic Centre', 'AN010', 'Calicut', 'KL', 'CMC', '2025-12-17', 'Incident', 'Philips 1.5T Achieva', 'Down', 'MR Bootstrap process service is not avialable', '2025-12-17', 'Neeraj', 'NA', null, null, null, '2025-12-17', 'The issue was resolved after deleting the old simon files from FTP folder.', 'Closed', false, false, '[]'::jsonb);
insert into public.tickets (id, month, src_row, customer_raw, customer, asset_code, town, state, contract, call_date, call_type, model, sys_status, issue, attended_date, engineer, parts, parts_req_date, parts_recv_date, parts_status, sys_up_date, resolution, status, orphaned, unmatched, ambiguities) values ('TKT-Dec2025-085', 'Dec 2025', 19, 'Ruby Medical Services Chiplun', 'Ruby Medical Services', 'AN008B', 'Chiplun', 'MH', 'CMC', '2028-12-17', 'Incident', 'Philips 1.5T Achieva', 'Planned Activity', 'Table up/down/out issue', '2025-12-18', 'Mohan', 'NA', null, null, null, '2025-12-18', 'I opne ane clean the Thimble switch reset the connector again conect after switch working', 'Closed', false, false, '[]'::jsonb);
insert into public.tickets (id, month, src_row, customer_raw, customer, asset_code, town, state, contract, call_date, call_type, model, sys_status, issue, attended_date, engineer, parts, parts_req_date, parts_recv_date, parts_status, sys_up_date, resolution, status, orphaned, unmatched, ambiguities) values ('TKT-Dec2025-086', 'Dec 2025', 20, 'Ruby Medical Services Phaltan', 'Ruby Medical Services', 'AN010_PHAL', 'Phaltan', 'MH', 'Labour Only', '2025-12-18', 'Incident', 'Philips 1.5T Achieva', 'Planned Activity', 'intemittently system stopped working', '2025-12-26', 'Mohan', 'Hard disk', '2025-12-18', '2025-12-26', 'Parts Received', '2025-12-28', null, 'Closed', false, false, '[]'::jsonb);
insert into public.tickets (id, month, src_row, customer_raw, customer, asset_code, town, state, contract, call_date, call_type, model, sys_status, issue, attended_date, engineer, parts, parts_req_date, parts_recv_date, parts_status, sys_up_date, resolution, status, orphaned, unmatched, ambiguities) values ('TKT-Dec2025-087', 'Dec 2025', 21, 'Ruby Medical Services Sangamner', 'Ruby Medical Services', 'AN021B', 'Sangamaner', 'MH', 'Warranty', '2025-12-19', 'Incident', 'Anamaya 1.5T', 'Planned Activity', 'All Earthing cable are disconnected', '2025-12-20', 'Mohan', 'NA', null, null, null, '2025-12-20', '1) 20.12.25 the customer temporaily connect the earthing cable,2) 27.12.25 Earthing cabling works properly done', 'Closed', false, false, '[]'::jsonb);
insert into public.tickets (id, month, src_row, customer_raw, customer, asset_code, town, state, contract, call_date, call_type, model, sys_status, issue, attended_date, engineer, parts, parts_req_date, parts_recv_date, parts_status, sys_up_date, resolution, status, orphaned, unmatched, ambiguities) values ('TKT-Dec2025-088', 'Dec 2025', 22, 'Ruby Medical Services Chiplun', 'Ruby Medical Services', 'AN008B', 'Chiplun', 'MH', 'Warranty', '2025-12-20', 'Incident', 'Philips 1.5T Achieva', 'Partially Working', 'Table up/down/out issue', null, 'Mohan/Ashish', 'Thimble switch And PCB Requerd', '2025-12-20', null, 'Parts Awaited', null, 'Thimble switch not available in stock1) date 22.01.26 resued the thimble switch , ashish night time travel pune to chiplun 2) date 23.01.2026 replaced switch table working', 'Closed', false, false, '[]'::jsonb);
insert into public.tickets (id, month, src_row, customer_raw, customer, asset_code, town, state, contract, call_date, call_type, model, sys_status, issue, attended_date, engineer, parts, parts_req_date, parts_recv_date, parts_status, sys_up_date, resolution, status, orphaned, unmatched, ambiguities) values ('TKT-Dec2025-089', 'Dec 2025', 23, 'kennadys diagnostics scans and labs-velachery', 'Dr Prakash kennedy', 'AN022', 'Chennai', 'TN', 'Warranty', '2025-12-23', 'Incident', 'Philips 3T Achieva', 'Partially Working', 'odu adapter issues', '2025-12-23', 'siva', 'odu', '2025-12-23', '2025-12-23', 'Parts Received', '2025-12-23', 'replacd odu adapter', 'Closed', false, false, '[]'::jsonb);
insert into public.tickets (id, month, src_row, customer_raw, customer, asset_code, town, state, contract, call_date, call_type, model, sys_status, issue, attended_date, engineer, parts, parts_req_date, parts_recv_date, parts_status, sys_up_date, resolution, status, orphaned, unmatched, ambiguities) values ('TKT-Dec2025-090', 'Dec 2025', 24, 'Chandru Diagnostics Center,Ramanagara', 'Chandru Diagnostics', 'AN008', 'Ramanagara', 'KA', 'CMC', '2025-12-16', 'Remote', 'Philips 1.5T Intera', 'Partially Working', 'Mouse not working', '2025-12-24', 'Ashokkumar K', 'HP Mouse,part ordered in Amazon', '2025-12-16', '2025-12-24', 'Parts Received', null, 'Replacd mouse with new one and its working fine.', 'Closed', false, false, '[]'::jsonb);
insert into public.tickets (id, month, src_row, customer_raw, customer, asset_code, town, state, contract, call_date, call_type, model, sys_status, issue, attended_date, engineer, parts, parts_req_date, parts_recv_date, parts_status, sys_up_date, resolution, status, orphaned, unmatched, ambiguities) values ('TKT-Dec2025-091', 'Dec 2025', 25, 'Magnus Diagnostics Center', 'Magnus Bangalore', 'AN017', 'Bangalore', 'KA', 'Warranty', '2025-12-25', 'Incident', 'Philips 3T Achieva', 'Partially Working', 'Due to sudden power cut ,the generator did not turn on automatically,Because of that,the chiller and cold head were switched off for a few minutes.', '2025-12-25', 'Ashokkumar K', 'NA', null, null, null, null, 'Turned on the generator in manuall mode and now i set the generator to auto mode.', 'Closed', false, false, '[]'::jsonb);
insert into public.tickets (id, month, src_row, customer_raw, customer, asset_code, town, state, contract, call_date, call_type, model, sys_status, issue, attended_date, engineer, parts, parts_req_date, parts_recv_date, parts_status, sys_up_date, resolution, status, orphaned, unmatched, ambiguities) values ('TKT-Dec2025-092', 'Dec 2025', 26, 'BDC MUZAFFARPUR', 'Bhavani Diagnostic Centre', 'AN003', 'Muzaffarpur', 'BH', 'CMC', '2025-12-27', 'Incident', 'Philips 3T Achieva', 'Partially Working', 'water chillor is down because of one cumpresser fane is not working cold head is also of for two hours magnet pressure is little bit increse', '2025-12-27', 'Vivek/Chandan', 'NA', null, null, null, '2025-12-27', 'bypass the fan with the support if chillor eng. now pressure is stable and copressure fan is change till tuesday or wednesday in this week', 'Open', false, false, '[]'::jsonb);
insert into public.tickets (id, month, src_row, customer_raw, customer, asset_code, town, state, contract, call_date, call_type, model, sys_status, issue, attended_date, engineer, parts, parts_req_date, parts_recv_date, parts_status, sys_up_date, resolution, status, orphaned, unmatched, ambiguities) values ('TKT-Dec2025-093', 'Dec 2025', 27, 'Life line Hospital Padharpur', 'Lifeline Superspeciality', 'AN014', 'Pandharpur', 'MH', 'CMC', '2025-12-27', 'Incident', 'Philips 3T Achieva', 'working', '281 Z Amp +425 A Out of Tol', '2025-12-28', 'Mohan', '281 Axis Gradient', '2025-12-28', '2024-12-29', 'Parts Received', '2025-12-30', 'date 29.12.25 one gradient Asix rescued this axis not working error is over current -A Out, i connected the customer Axis Modulator board error is over current -B Out. Vendor Pravin Mulay visisted the site and fixed it.', 'Closed', false, false, '[]'::jsonb);
insert into public.tickets (id, month, src_row, customer_raw, customer, asset_code, town, state, contract, call_date, call_type, model, sys_status, issue, attended_date, engineer, parts, parts_req_date, parts_recv_date, parts_status, sys_up_date, resolution, status, orphaned, unmatched, ambiguities) values ('TKT-Dec2025-094', 'Dec 2025', 28, 'TRR Hyderbad', 'TRR Medical Hyderabad', 'AN019', 'Hyderabad', 'TS', 'Warranty', '2025-12-29', 'Installation', 'Philips 1.5T Achieva', 'Planned Activity', 'Grainy images appears in Headcoil, Artifact issue', '2025-12-29', 'Jimmi', 'Head coil full set, MRX Board', '2025-12-29', null, 'Parts Awaited', null, 'Head coil need to arrange, since the head coil we have here is giving full grainy image and also required MRX board for completing handover of the system.', 'Open', false, false, '[]'::jsonb);
insert into public.tickets (id, month, src_row, customer_raw, customer, asset_code, town, state, contract, call_date, call_type, model, sys_status, issue, attended_date, engineer, parts, parts_req_date, parts_recv_date, parts_status, sys_up_date, resolution, status, orphaned, unmatched, ambiguities) values ('TKT-Dec2025-095', 'Dec 2025', 29, 'BDC MUZAFFARPUR', 'Bhavani Diagnostic Centre', 'AN003', 'Muzaffarpur', 'BH', 'CMC', '2025-12-29', 'Incident', 'Philips 3T Achieva', 'Partially Working', 'scan stoped rf amp intermittent error but after that machine is working', '2025-12-29', 'Vivek/Chandan', 'NA', null, null, null, '2025-12-29', 'we overbserved till last 15 days their is no rf error we observed more five days that we closed the call', 'Open', false, false, '[]'::jsonb);
insert into public.tickets (id, month, src_row, customer_raw, customer, asset_code, town, state, contract, call_date, call_type, model, sys_status, issue, attended_date, engineer, parts, parts_req_date, parts_recv_date, parts_status, sys_up_date, resolution, status, orphaned, unmatched, ambiguities) values ('TKT-Dec2025-096', 'Dec 2025', 30, 'Isha Diagnostic Centre', 'Isha Diagnostics', 'AN007', 'Bangalore', 'KA', 'CMC', '2025-12-31', 'PMS', 'Philips 1.5T Achieva', 'Planned Activity', 'PMS completed.', '2025-12-31', 'Ashok', null, null, null, null, '2025-12-31', 'PMS completed.', 'Closed', false, false, '[]'::jsonb);
insert into public.tickets (id, month, src_row, customer_raw, customer, asset_code, town, state, contract, call_date, call_type, model, sys_status, issue, attended_date, engineer, parts, parts_req_date, parts_recv_date, parts_status, sys_up_date, resolution, status, orphaned, unmatched, ambiguities) values ('TKT-Dec2025-097', 'Dec 2025', 31, 'Ruby Medical Services Phaltan', 'Ruby Medical Services', 'AN010_PHAL', 'Phaltan', 'MH', 'Labour Only', '2025-12-30', 'Incident', 'Philips 1.5T Achieva', 'Partially Working', 'intemittently system stopped working', '2025-12-31', 'AKHIL T', null, null, null, null, null, null, 'Open', false, false, '[]'::jsonb);
insert into public.tickets (id, month, src_row, customer_raw, customer, asset_code, town, state, contract, call_date, call_type, model, sys_status, issue, attended_date, engineer, parts, parts_req_date, parts_recv_date, parts_status, sys_up_date, resolution, status, orphaned, unmatched, ambiguities) values ('TKT-Dec2025-098', 'Dec 2025', 32, 'KVC Diagnostic Centre, Mysore', 'KVC Diagnostic Centre', null, 'Mysore', 'KA', 'CMC', '2025-12-31', 'Incident', 'Philips 1.5T Achieva', 'Partially Working', 'Intermitent Coil disconnect issue.', '2026-01-01', 'Ashok', 'NA', null, null, null, '2026-01-01', 'I checked the voltages and they are within the normal range. Earlier, it might have been stopping during table movement as well, so I taped the ODU connectors for proper fix, Hope the issue will not repeat. If it does occur again, reconnection will be the best solution.', 'Closed', false, true, '[]'::jsonb);
insert into public.tickets (id, month, src_row, customer_raw, customer, asset_code, town, state, contract, call_date, call_type, model, sys_status, issue, attended_date, engineer, parts, parts_req_date, parts_recv_date, parts_status, sys_up_date, resolution, status, orphaned, unmatched, ambiguities) values ('TKT-Dec2025-099', 'Dec 2025', 33, 'Dr.kennady diagnostic -velachery', 'Dr Prakash kennedy', 'AN022', 'Chennai', 'TN', 'Warranty', '2025-12-31', 'Installation', 'Philips 3T Achieva', 'Planned Activity', 'Need to supply parts', '2025-12-31', 'Siva', null, null, null, null, null, 'requirements 1.torso coil 2.15ch spine coil 3.knee coil 4.pulse gating cable 5.trigger module battery sets 6.still not get sign IRs', 'Open', false, false, '[]'::jsonb);
insert into public.tickets (id, month, src_row, customer_raw, customer, asset_code, town, state, contract, call_date, call_type, model, sys_status, issue, attended_date, engineer, parts, parts_req_date, parts_recv_date, parts_status, sys_up_date, resolution, status, orphaned, unmatched, ambiguities) values ('TKT-Dec2025-100', 'Dec 2025', 34, 'TMC', 'Tiruvarur Medical Centre', 'AN004', 'Tiruvarur', 'TN', 'CMC', '2025-12-31', 'Incident', 'Philips 1.5T Achieva', 'Partially Working', 'Spine Coil issue.', null, 'Siva', null, null, null, null, null, 'Coil to be sent for repair.', 'Open', false, false, '[]'::jsonb);
insert into public.tickets (id, month, src_row, customer_raw, customer, asset_code, town, state, contract, call_date, call_type, model, sys_status, issue, attended_date, engineer, parts, parts_req_date, parts_recv_date, parts_status, sys_up_date, resolution, status, orphaned, unmatched, ambiguities) values ('TKT-Jan2026-101', 'Jan 2026', 2, 'JCRL, Patna', 'JCRL Patna', 'AN018', 'Patna', 'BH', 'Warranty', '2026-01-04', 'Incident', 'Philips 3T Achieva', 'Down', 'Z-AXIS Gradient amplifire is defective need to replace', '2026-01-04', 'Vivek/Chandan', '281+ Gradient Amp.', '2026-01-04', null, 'Parts Awaited', '2026-01-10', 'Repaired 281+ gradient amplifire after that machine is working', 'Closed', false, false, '[]'::jsonb);
insert into public.tickets (id, month, src_row, customer_raw, customer, asset_code, town, state, contract, call_date, call_type, model, sys_status, issue, attended_date, engineer, parts, parts_req_date, parts_recv_date, parts_status, sys_up_date, resolution, status, orphaned, unmatched, ambiguities) values ('TKT-Jan2026-102', 'Jan 2026', 3, 'Ruby Medical Services Indapur', 'Ruby Medical Services', 'AN009', 'Indapur', 'MH', 'CMC', '2026-01-02', 'Incident', 'Philips 1.5T Achieva', 'Partially Working', 'Table in out issue', '2026-01-02', 'Akhil/Mohan/Ashish', 'Table wheel sensor.', '2026-01-04', null, 'Parts Awaited', null, 'Yogesh/Ashish visisted the site 13-01-26. Machine is partially working, awaiting parts to fix the issue.', 'Closed', false, false, '[]'::jsonb);
insert into public.tickets (id, month, src_row, customer_raw, customer, asset_code, town, state, contract, call_date, call_type, model, sys_status, issue, attended_date, engineer, parts, parts_req_date, parts_recv_date, parts_status, sys_up_date, resolution, status, orphaned, unmatched, ambiguities) values ('TKT-Jan2026-103', 'Jan 2026', 4, 'Life line Hospital Pandharpur', 'Lifeline Superspeciality', 'AN014', 'Pandharpur', 'MH', 'CMC', '2026-01-03', 'Incident', 'Philips 3T Achieva', 'Down', 'Z-AXIS Gradient amplifire is defective need to replace', '2026-01-04', 'Akhil/Mohan/Ashish', '281 Gradient Axis', '2026-01-04', '2026-01-04', 'Parts Received', null, 'Pravin Mulay is working on the site.on 19th visted for work,on arrival machine is partially working gradient seq not running ,customer has arranged the 281 from vendor.', 'Open', false, false, '[]'::jsonb);
insert into public.tickets (id, month, src_row, customer_raw, customer, asset_code, town, state, contract, call_date, call_type, model, sys_status, issue, attended_date, engineer, parts, parts_req_date, parts_recv_date, parts_status, sys_up_date, resolution, status, orphaned, unmatched, ambiguities) values ('TKT-Jan2026-104', 'Jan 2026', 5, 'Ruby Medical Services Phaltan', 'Ruby Medical Services', 'AN010_PHAL', 'Phaltan', 'MH', 'Labour Only', '2026-01-01', 'Incident', 'Philips 1.5T Achieva', 'Partially Working', 'Console pc hang intermittently', null, 'Mohan/Ashish', 'Host Pc', null, null, 'Parts Awaited', null, 'quotation is submitted to the customer.', 'Open', false, false, '[]'::jsonb);
insert into public.tickets (id, month, src_row, customer_raw, customer, asset_code, town, state, contract, call_date, call_type, model, sys_status, issue, attended_date, engineer, parts, parts_req_date, parts_recv_date, parts_status, sys_up_date, resolution, status, orphaned, unmatched, ambiguities) values ('TKT-Jan2026-105', 'Jan 2026', 6, 'BDC MUZAFFARPUR', 'Bhavani Diagnostic Centre', 'AN003', 'Muzaffarpur', 'BH', 'CMC', '2026-01-07', 'Incident', 'Philips 3T Achieva', 'Partially Working', 'scan stoped rf amp give error of overload', '2026-01-07', 'Vivek/Chandan', 'NA', null, null, null, '2026-01-07', 'visited the site and check the rf amp look like ok but he give error of overload after restart the system machine is working now', 'Closed', false, false, '[]'::jsonb);
insert into public.tickets (id, month, src_row, customer_raw, customer, asset_code, town, state, contract, call_date, call_type, model, sys_status, issue, attended_date, engineer, parts, parts_req_date, parts_recv_date, parts_status, sys_up_date, resolution, status, orphaned, unmatched, ambiguities) values ('TKT-Jan2026-106', 'Jan 2026', 7, 'Anderson diagnostic scans and labs', 'Anderson Diagnostic Centre', 'AN011', 'Trichy', 'TN', 'CMC', '2026-01-08', 'Testing', 'Philips 1.5T Achieva', 'Planned Activity', 'abdomen anterior coil part(pune customer)', '2026-01-08', 'siva', null, null, null, null, null, 'checked and working fine.', 'Closed', false, false, '[]'::jsonb);
insert into public.tickets (id, month, src_row, customer_raw, customer, asset_code, town, state, contract, call_date, call_type, model, sys_status, issue, attended_date, engineer, parts, parts_req_date, parts_recv_date, parts_status, sys_up_date, resolution, status, orphaned, unmatched, ambiguities) values ('TKT-Jan2026-107', 'Jan 2026', 8, 'Chandru Diagnostics Center,Ramanagara', 'Chandru Diagnostics', 'AN008', 'Ramanagara', 'KA', 'CMC', '2026-01-08', 'Incident', 'Philips 1.5T Intera', 'Down', 'Database manager crashed', '2026-01-08', 'Ashokkumar', 'NA', null, null, null, '2026-01-09', 'Format the pendrive and Reinstall the database and system working properly', 'Closed', false, false, '[]'::jsonb);
insert into public.tickets (id, month, src_row, customer_raw, customer, asset_code, town, state, contract, call_date, call_type, model, sys_status, issue, attended_date, engineer, parts, parts_req_date, parts_recv_date, parts_status, sys_up_date, resolution, status, orphaned, unmatched, ambiguities) values ('TKT-Jan2026-108', 'Jan 2026', 9, 'Chandru Diagnostics Center,Ramanagara', 'Chandru Diagnostics', 'AN008', 'Ramanagara', 'KA', 'CMC', '2026-01-12', 'Incident', 'Philips 1.5T Intera', 'Down', 'Low water flow detected by the coil heat exchanger', '2026-01-13', 'Akhil,Ashokkumar', 'NA', null, null, null, '2026-01-13', 'Filled the water in heat exchanger and in chiller after that system working properly', 'Closed', false, false, '[]'::jsonb);
insert into public.tickets (id, month, src_row, customer_raw, customer, asset_code, town, state, contract, call_date, call_type, model, sys_status, issue, attended_date, engineer, parts, parts_req_date, parts_recv_date, parts_status, sys_up_date, resolution, status, orphaned, unmatched, ambiguities) values ('TKT-Jan2026-109', 'Jan 2026', 10, 'Ruby Medical Services Chiplun', 'Ruby Medical Services', 'AN008B', 'Chiplun', 'MH', 'CMC', '2026-01-12', 'Incident', 'Philips 1.5T Achieva', 'Planned Activity', 'Helium filling Work', '2026-01-12', 'Yogesh Sir/ Ashish', '250 ltr Helium', null, '2026-01-12', 'Parts Received', '2026-01-12', 'initial Helium level 30% after 250ltr helium fill level 43%', 'Closed', false, false, '[]'::jsonb);
insert into public.tickets (id, month, src_row, customer_raw, customer, asset_code, town, state, contract, call_date, call_type, model, sys_status, issue, attended_date, engineer, parts, parts_req_date, parts_recv_date, parts_status, sys_up_date, resolution, status, orphaned, unmatched, ambiguities) values ('TKT-Jan2026-110', 'Jan 2026', 11, 'Ruby Meducal Services Indapur', 'Ruby Medical Services', 'AN009', 'Indapur', 'MH', 'CMC', '2026-01-12', 'Incident', 'Philips 1.5T Achieva', 'Planned Activity', 'Helium filling Work', '2027-01-01', 'Yogesh Sir/ Ashish', '250 ltr Helium', null, '2027-01-01', 'Parts Received', '2027-01-01', '250ltr Helium filled, Initial level-28% After filling level-41%', 'Closed', false, false, '[]'::jsonb);
insert into public.tickets (id, month, src_row, customer_raw, customer, asset_code, town, state, contract, call_date, call_type, model, sys_status, issue, attended_date, engineer, parts, parts_req_date, parts_recv_date, parts_status, sys_up_date, resolution, status, orphaned, unmatched, ambiguities) values ('TKT-Jan2026-111', 'Jan 2026', 12, 'TRR', 'TRR Medical Hyderabad', 'AN019', 'Hyderabad', 'TS', 'Warranty', '2026-01-13', 'Installation', 'Philips 1.5T Achieva', 'Partially Working', 'Received one MRX board have one chanel failure and another one access failed. one more MRX is coimg from castellar. in CDAS self test CFINT Board get failed, Artifacts reduced and images are getting. we need Working MRX, CFINT Board and a 16 Ch NV coil.', null, 'Jimmy', null, null, null, null, null, 'Parts required to complete the installation', 'Open', false, false, '[]'::jsonb);
insert into public.tickets (id, month, src_row, customer_raw, customer, asset_code, town, state, contract, call_date, call_type, model, sys_status, issue, attended_date, engineer, parts, parts_req_date, parts_recv_date, parts_status, sys_up_date, resolution, status, orphaned, unmatched, ambiguities) values ('TKT-Jan2026-112', 'Jan 2026', 13, 'Magnus Diagnostics', 'Magnus Bangalore', 'AN017', 'Bangalore', 'KA', 'Warranty', '2026-01-14', 'Customer Meeting', 'Philips 3T Achieva', 'Planned Activity', 'Outdoor Chiller inspection, for Acoustic modification.', '2026-01-14', 'Ashok/Akhil/Abhijit', null, null, null, null, null, 'Discussed with the customer about the modification.', 'Closed', false, false, '[]'::jsonb);
insert into public.tickets (id, month, src_row, customer_raw, customer, asset_code, town, state, contract, call_date, call_type, model, sys_status, issue, attended_date, engineer, parts, parts_req_date, parts_recv_date, parts_status, sys_up_date, resolution, status, orphaned, unmatched, ambiguities) values ('TKT-Jan2026-113', 'Jan 2026', 14, 'KVC Diagnostic Centre, Mysore', 'KVC Diagnostic Centre', null, 'Mysore', 'KA', 'CMC', '2026-01-15', 'Remote', 'Philips 1.5T Achieva', 'Planned Activity', 'The technician tries to log in on service means "The referenced account is currently locked out and may not be logged on to "', '2026-01-15', 'Ashokkumar', 'NA', null, null, null, null, 'After restarting the system, it is now logged in service page.', 'Closed', false, true, '[]'::jsonb);
insert into public.tickets (id, month, src_row, customer_raw, customer, asset_code, town, state, contract, call_date, call_type, model, sys_status, issue, attended_date, engineer, parts, parts_req_date, parts_recv_date, parts_status, sys_up_date, resolution, status, orphaned, unmatched, ambiguities) values ('TKT-Jan2026-114', 'Jan 2026', 15, 'Deepa MRI & Diagnostics Center', 'Dr. Shreyas (Deepa Fortune)', 'AN015_DEEP', 'Mandya', 'KA', 'CMC', '2026-01-17', 'Incident', 'Philips 1.5T Achieva', 'Down', 'Error-The Q Body Coil in the body connector shows a malfunction', '2026-01-17', 'Ashok /Akhil/Abhijit', '300 V power Supply', '2026-01-17', '2026-01-18', 'Parts Received', '2026-01-26', 'We have received 3 defective power supply and replaced the PFEI backplane.That resolved the issue .', 'Closed', false, false, '[]'::jsonb);
insert into public.tickets (id, month, src_row, customer_raw, customer, asset_code, town, state, contract, call_date, call_type, model, sys_status, issue, attended_date, engineer, parts, parts_req_date, parts_recv_date, parts_status, sys_up_date, resolution, status, orphaned, unmatched, ambiguities) values ('TKT-Jan2026-115', 'Jan 2026', 16, 'Chandru Diagnostics Center,Ramanagara', 'Chandru Diagnostics', 'AN008', 'Ramanagara', 'KA', 'CMC', '2026-01-22', 'Incident', 'Philips 1.5T Intera', 'Down', 'Database manager crashed', '2026-01-22', 'Ashokkumar/Akhil', 'NA', null, null, null, '2026-01-23', 'Format the pendrive and Reinstall the database and system working properly', 'Closed', false, false, '[]'::jsonb);
insert into public.tickets (id, month, src_row, customer_raw, customer, asset_code, town, state, contract, call_date, call_type, model, sys_status, issue, attended_date, engineer, parts, parts_req_date, parts_recv_date, parts_status, sys_up_date, resolution, status, orphaned, unmatched, ambiguities) values ('TKT-Jan2026-116', 'Jan 2026', 17, 'Nucleus Diagnostics Pune', 'Nucleus diagnostic', 'AN021', 'Pune', 'MH', 'CMC', '2026-01-19', 'Incident', 'Philips 3T Achieva', 'Partially Working', 'Spain patient scan time table stuc', '2026-01-20', 'Mohan/Ashish', '12 v power supply /24v poawr supply', '2026-01-20', '2026-01-22', 'Parts Received', null, 'now table working sttil parts not reples', 'Closed', false, false, '[]'::jsonb);
insert into public.tickets (id, month, src_row, customer_raw, customer, asset_code, town, state, contract, call_date, call_type, model, sys_status, issue, attended_date, engineer, parts, parts_req_date, parts_recv_date, parts_status, sys_up_date, resolution, status, orphaned, unmatched, ambiguities) values ('TKT-Jan2026-117', 'Jan 2026', 18, 'Nucleus Diagnostics Pune', 'Nucleus diagnostic', 'AN021', 'Pune', 'MH', 'CMC', '2026-01-21', 'Incident', 'Philips 3T Achieva', 'Planned Activity', 'UPS Dwon', '2026-01-21', 'Mohan/Ashish', 'NA', '2026-01-21', null, null, null, 'UPS enginner Mr.Basavaraj visit and replased board and fuse after ups working,', 'Closed', false, false, '[]'::jsonb);
insert into public.tickets (id, month, src_row, customer_raw, customer, asset_code, town, state, contract, call_date, call_type, model, sys_status, issue, attended_date, engineer, parts, parts_req_date, parts_recv_date, parts_status, sys_up_date, resolution, status, orphaned, unmatched, ambiguities) values ('TKT-Jan2026-118', 'Jan 2026', 19, 'kennedy scans and diagnostic labs,velachery', 'Dr Prakash kennedy', 'AN022', 'Chennai', 'TN', 'Warranty', '2026-01-21', 'Incident', 'Philips 3T Achieva', 'Planned Activity', 'shield cooler compressor pressure low', '2026-01-21', 'siva', 'he gas with charging kit', '2026-01-21', '2026-01-21', 'Parts Received', null, 'recharged compressor.', 'Closed', false, false, '[]'::jsonb);
insert into public.tickets (id, month, src_row, customer_raw, customer, asset_code, town, state, contract, call_date, call_type, model, sys_status, issue, attended_date, engineer, parts, parts_req_date, parts_recv_date, parts_status, sys_up_date, resolution, status, orphaned, unmatched, ambiguities) values ('TKT-Jan2026-119', 'Jan 2026', 20, 'kennedy scans and diagnostic labs,velachery', 'Dr Prakash kennedy', 'AN022', 'Chennai', 'TN', 'Warranty', '2026-01-21', 'Testing', 'Philips 3T Achieva', 'Planned Activity', '15ch spine coil testing', '2026-01-21', 'siva', 'unknow coil encounter error.', null, null, 'Parts Awaited', null, 'tested and coil is not working. unknow coil encounter error.', 'Closed', false, false, '[]'::jsonb);
insert into public.tickets (id, month, src_row, customer_raw, customer, asset_code, town, state, contract, call_date, call_type, model, sys_status, issue, attended_date, engineer, parts, parts_req_date, parts_recv_date, parts_status, sys_up_date, resolution, status, orphaned, unmatched, ambiguities) values ('TKT-Jan2026-120', 'Jan 2026', 21, 'Ruby Medical Services Chiplun', 'Ruby Medical Services', 'AN008B', 'Chiplun', 'MH', 'Warranty', '2026-01-22', 'Incident', 'Philips 1.5T Achieva', 'Partially Working', 'ODU Connector A', '2026-02-02', 'Mohan/Ashish', 'unknow coil encounter error.A', null, null, 'Parts Awaited', null, 'A/B ODU connector Numbers are different i rescued Conn B . I need the Conn A Cblae', 'Closed', false, false, '[]'::jsonb);
insert into public.tickets (id, month, src_row, customer_raw, customer, asset_code, town, state, contract, call_date, call_type, model, sys_status, issue, attended_date, engineer, parts, parts_req_date, parts_recv_date, parts_status, sys_up_date, resolution, status, orphaned, unmatched, ambiguities) values ('TKT-Jan2026-121', 'Jan 2026', 22, 'Ruby Medical Services Chiplun', 'Ruby Medical Services', 'AN008B', 'Chiplun', 'MH', 'Warranty', '2026-01-29', 'Incident', 'Philips 1.5T Achieva', 'Planned Activity', 'Table Wheel No 8', '2026-01-29', 'Mohan/Ashish', 'Table Wheel No 8', '2026-01-29', '2026-01-31', 'Parts Received', '2026-02-02', 'i replsed the no of 08 table wheel after table working', 'Closed', false, false, '[]'::jsonb);
insert into public.tickets (id, month, src_row, customer_raw, customer, asset_code, town, state, contract, call_date, call_type, model, sys_status, issue, attended_date, engineer, parts, parts_req_date, parts_recv_date, parts_status, sys_up_date, resolution, status, orphaned, unmatched, ambiguities) values ('TKT-Jan2026-122', 'Jan 2026', 23, 'Chandru Diagnostics Center,Ramanagara', 'Chandru Diagnostics', 'AN008', 'Ramanagara', 'KA', 'CMC', '2026-01-30', 'Incident', 'Philips 1.5T Intera', 'Down', 'Database manager crashed', '2026-01-31', 'Ashokkumar', 'NA', null, null, null, '2026-01-31', 'Replaced the HDD and the cable after that Format the HDD and Reinstall the database and system working properly', 'Closed', false, false, '[]'::jsonb);
insert into public.tickets (id, month, src_row, customer_raw, customer, asset_code, town, state, contract, call_date, call_type, model, sys_status, issue, attended_date, engineer, parts, parts_req_date, parts_recv_date, parts_status, sys_up_date, resolution, status, orphaned, unmatched, ambiguities) values ('TKT-Feb2026-123', 'Feb 2026', 2, 'JCRL, Patna', 'JCRL Patna', 'AN018', 'Patna', 'BH', 'Warranty', '2026-02-02', 'Incident', 'Philips 3T Achieva', 'Partially Working', 'Connector issue in spine coil', '2026-02-02', 'Chandan/vivek', 'NA', null, null, null, '2026-02-03', 'clean connector and do better positing and planing', 'Closed', false, false, '[]'::jsonb);
insert into public.tickets (id, month, src_row, customer_raw, customer, asset_code, town, state, contract, call_date, call_type, model, sys_status, issue, attended_date, engineer, parts, parts_req_date, parts_recv_date, parts_status, sys_up_date, resolution, status, orphaned, unmatched, ambiguities) values ('TKT-Feb2026-124', 'Feb 2026', 3, 'thiruvarur medical centre thiruvarur.', 'Tiruvarur Medical Centre', 'AN004', 'Tiruvarur', 'TN', 'CMC', '2026-02-01', 'Incident', 'Philips 1.5T Achieva', 'Down', 'recontructor not available and spine coil disconnected.', '2026-02-02', 'siva', 'NA', null, null, null, null, 'refixed lan cable and repaired.', 'Closed', false, false, '[]'::jsonb);
insert into public.tickets (id, month, src_row, customer_raw, customer, asset_code, town, state, contract, call_date, call_type, model, sys_status, issue, attended_date, engineer, parts, parts_req_date, parts_recv_date, parts_status, sys_up_date, resolution, status, orphaned, unmatched, ambiguities) values ('TKT-Feb2026-125', 'Feb 2026', 4, 'JCRL, Patna', 'JCRL Patna', 'AN018', 'Patna', 'BH', 'Warranty', '2026-02-03', 'Incident', 'Philips 3T Achieva', 'Partially Working', 'Coldhead Stopped working', '2026-02-03', 'Vivek/Chandan', null, null, null, null, '2026-02-10', 'Coldhead is working now, Magnet pressure is coming down. 500ltr helium is also filled now level is 50%', 'Closed', false, false, '[]'::jsonb);
insert into public.tickets (id, month, src_row, customer_raw, customer, asset_code, town, state, contract, call_date, call_type, model, sys_status, issue, attended_date, engineer, parts, parts_req_date, parts_recv_date, parts_status, sys_up_date, resolution, status, orphaned, unmatched, ambiguities) values ('TKT-Feb2026-126', 'Feb 2026', 5, 'Chandru Diag', 'Chandru Diagnostics', 'AN008', 'Ramanagara', 'KA', 'CMC', '2026-02-06', 'Incident', 'Philips 1.5T Achieva', 'Partially Working', 'MRU error message', '2026-02-06', 'Akhil', 'NA', null, null, null, '2026-02-06', 'Working fine.', 'Closed', false, false, '[]'::jsonb);
insert into public.tickets (id, month, src_row, customer_raw, customer, asset_code, town, state, contract, call_date, call_type, model, sys_status, issue, attended_date, engineer, parts, parts_req_date, parts_recv_date, parts_status, sys_up_date, resolution, status, orphaned, unmatched, ambiguities) values ('TKT-Feb2026-127', 'Feb 2026', 6, 'Ganga Hospital,Coimbatore', 'Ganga Hospital', null, 'Coimbatore', 'TN', 'Warranty', '2026-02-05', 'Incident', 'DR Mini 90', 'Partially Working', 'Detector not linking to Router', '2026-02-06', 'Venkat', 'NA', null, null, null, '2026-02-06', 'Detector Configuration done.', 'Closed', false, true, '[]'::jsonb);
insert into public.tickets (id, month, src_row, customer_raw, customer, asset_code, town, state, contract, call_date, call_type, model, sys_status, issue, attended_date, engineer, parts, parts_req_date, parts_recv_date, parts_status, sys_up_date, resolution, status, orphaned, unmatched, ambiguities) values ('TKT-Feb2026-128', 'Feb 2026', 7, 'Ruby indrapur', 'Ruby Medical Services', 'AN009', 'Indapur', 'MH', 'CMC', '2026-02-07', 'Incident', 'Philips 1.5T Achieva', 'Down', 'Reconstruction resources not available,Scan Resources not available fiber cable rodent bite', '2026-02-07', 'Ashish', null, null, null, null, '2026-02-08', 'Refixed the lan connection. PMM cable used for table and system up.on 9th received the cable and restored ,Under Oberservation', 'Closed', false, false, '[]'::jsonb);
insert into public.tickets (id, month, src_row, customer_raw, customer, asset_code, town, state, contract, call_date, call_type, model, sys_status, issue, attended_date, engineer, parts, parts_req_date, parts_recv_date, parts_status, sys_up_date, resolution, status, orphaned, unmatched, ambiguities) values ('TKT-Feb2026-129', 'Feb 2026', 8, 'Magnus Diagnostics', 'Magnus Bangalore', 'AN017', 'Bangalore', 'KA', 'Warranty', '2026-02-09', 'Incident', 'Philips 3T Achieva', 'Down', 'Software Issue', '2026-02-09', 'Akhil/Ashok', 'Purchased the SSD,HDD&Pendrive', null, null, 'Parts Awaited', '2026-02-06', 'Replaced the SSD& HDD and loaded the software now the System is working fine', 'Closed', false, false, '[]'::jsonb);
insert into public.tickets (id, month, src_row, customer_raw, customer, asset_code, town, state, contract, call_date, call_type, model, sys_status, issue, attended_date, engineer, parts, parts_req_date, parts_recv_date, parts_status, sys_up_date, resolution, status, orphaned, unmatched, ambiguities) values ('TKT-Feb2026-130', 'Feb 2026', 9, 'Ruby indrapur', 'Ruby Medical Services', 'AN009', 'Indapur', 'MH', 'CMC', '2026-02-10', 'Incident', 'Philips 1.5T Achieva', 'Partially Working', 'Table in/out , up/down issue', '2026-02-10', 'Mohan/Ashish', null, null, null, null, null, null, null, false, false, '[]'::jsonb);
insert into public.tickets (id, month, src_row, customer_raw, customer, asset_code, town, state, contract, call_date, call_type, model, sys_status, issue, attended_date, engineer, parts, parts_req_date, parts_recv_date, parts_status, sys_up_date, resolution, status, orphaned, unmatched, ambiguities) values ('TKT-Feb2026-131', 'Feb 2026', 10, 'BDC Muzzfarpur', 'Bhavani Diagnostic Centre', 'AN003', 'Muzaffarpur', 'BH', 'CMC', '2026-02-11', 'Incident', 'Philips 3T Achieva', 'Down', 'Gradient Amp. gives +425v A out of tol.', '2026-02-12', 'Vivek/Chandan', null, null, null, null, '2026-02-17', 'we need gradient apm or need to repair', 'Closed', false, false, '[]'::jsonb);
insert into public.tickets (id, month, src_row, customer_raw, customer, asset_code, town, state, contract, call_date, call_type, model, sys_status, issue, attended_date, engineer, parts, parts_req_date, parts_recv_date, parts_status, sys_up_date, resolution, status, orphaned, unmatched, ambiguities) values ('TKT-Feb2026-132', 'Feb 2026', 11, 'Magnus Diagnostics', 'Magnus Bangalore', 'AN017', 'Bangalore', 'KA', 'Warranty', '2026-02-06', 'Incident', 'Philips 3T Achieva', 'Partially Working', 'During the whole body scan, the table is compressing the SMILE, which causes the scan to stop.', '2026-02-06', 'Ashok/Akhil/Abhijith and siva', 'NA', null, null, null, '2026-02-16', 'Fixed the boult Teflon tape and thread lock', 'Closed', false, false, '[]'::jsonb);
insert into public.tickets (id, month, src_row, customer_raw, customer, asset_code, town, state, contract, call_date, call_type, model, sys_status, issue, attended_date, engineer, parts, parts_req_date, parts_recv_date, parts_status, sys_up_date, resolution, status, orphaned, unmatched, ambiguities) values ('TKT-Feb2026-133', 'Feb 2026', 12, 'Deepa MRI & Diagnostics Center', 'Dr. Shreyas (Deepa Fortune)', 'AN015_DEEP', 'Mandya', 'KA', 'CMC', '2026-02-16', 'Incident', 'Philips 1.5T Achieva', 'Planned Activity', 'The System is slow and hanging', '2026-02-17', 'Ashok', null, null, null, null, null, 'Deleted the old logs data and done the disk defragmention.Now system is working fine', 'Closed', false, false, '[]'::jsonb);
insert into public.tickets (id, month, src_row, customer_raw, customer, asset_code, town, state, contract, call_date, call_type, model, sys_status, issue, attended_date, engineer, parts, parts_req_date, parts_recv_date, parts_status, sys_up_date, resolution, status, orphaned, unmatched, ambiguities) values ('TKT-Feb2026-134', 'Feb 2026', 13, 'Ruby Hall Phaltan', 'Ruby Medical Services', 'AN010_PHAL', 'Phaltan', 'MH', 'Labour Only', '2026-02-14', 'Incident', 'Philips 1.5T Intera', 'Partially Working', 'Monitor no signal,Defective', '2026-02-14', 'Ashish', 'Purchased the monitor', null, null, 'Parts Awaited', '2026-02-14', 'replaced the monotor need to bill', 'Closed', false, false, '[]'::jsonb);
insert into public.tickets (id, month, src_row, customer_raw, customer, asset_code, town, state, contract, call_date, call_type, model, sys_status, issue, attended_date, engineer, parts, parts_req_date, parts_recv_date, parts_status, sys_up_date, resolution, status, orphaned, unmatched, ambiguities) values ('TKT-Feb2026-135', 'Feb 2026', 14, 'Nivi Hi-Tech Scans, Namakkal', 'Nivi Scans Namakkal', 'AN020B', 'Namakkal', 'TN', 'Warranty', '2026-02-16', 'PMS', 'GE 1.5T HDXT', 'Planned Activity', 'PM Completed', '2026-02-16', 'Venkat/Abhijith', null, null, null, null, '2026-02-16', 'PM Completed', 'Closed', false, false, '[]'::jsonb);
insert into public.tickets (id, month, src_row, customer_raw, customer, asset_code, town, state, contract, call_date, call_type, model, sys_status, issue, attended_date, engineer, parts, parts_req_date, parts_recv_date, parts_status, sys_up_date, resolution, status, orphaned, unmatched, ambiguities) values ('TKT-Feb2026-136', 'Feb 2026', 15, 'SRMC,Chennai', 'SRMC', null, 'Chennai', 'TN', 'Warranty', '2026-02-20', 'Incident', 'DR Mini 90', 'Partially Working', 'DR Software is slow', '2026-02-20', 'siva', 'na', null, null, null, '2026-02-20', 'Reconfiguration done.', 'Closed', false, true, '[]'::jsonb);
insert into public.tickets (id, month, src_row, customer_raw, customer, asset_code, town, state, contract, call_date, call_type, model, sys_status, issue, attended_date, engineer, parts, parts_req_date, parts_recv_date, parts_status, sys_up_date, resolution, status, orphaned, unmatched, ambiguities) values ('TKT-Feb2026-137', 'Feb 2026', 16, 'oaktree -calicut-KL', 'OAKTree Diagnostic Centre', 'AN010', 'Calicut', 'KL', 'CMC', '2026-02-20', 'Incident', 'Philips 1.5T Achieva', 'Partially Working', 'batteries of magnet emergency rundown unit are low', '2026-02-20', 'siva', 'na', null, null, null, '2026-02-20', 'Machine is working fine', 'Closed', false, false, '[]'::jsonb);
insert into public.tickets (id, month, src_row, customer_raw, customer, asset_code, town, state, contract, call_date, call_type, model, sys_status, issue, attended_date, engineer, parts, parts_req_date, parts_recv_date, parts_status, sys_up_date, resolution, status, orphaned, unmatched, ambiguities) values ('TKT-Feb2026-138', 'Feb 2026', 17, 'NMR Scan centre, Dharwad.', 'NMR Scan Centre', null, 'Dharwad', 'KA', 'CMC', '2026-02-20', 'Incident', 'Philips 1.5T Achieva', 'Planned Activity', 'Helium Filling initial level 29%', '2026-02-20', 'Mohan/Ashokkumar', '250 Liquid Helium', null, null, 'Parts Awaited', null, 'Successfully filled Le He 250 L Final level is 42 %.', 'Closed', false, true, '[]'::jsonb);
insert into public.tickets (id, month, src_row, customer_raw, customer, asset_code, town, state, contract, call_date, call_type, model, sys_status, issue, attended_date, engineer, parts, parts_req_date, parts_recv_date, parts_status, sys_up_date, resolution, status, orphaned, unmatched, ambiguities) values ('TKT-Feb2026-139', 'Feb 2026', 18, 'Ruby Chiplun', 'Ruby Medical Services', 'AN008B', 'Chiplun', 'MH', 'CMC', '2026-02-21', 'Incident', 'Philips 1.5T Achieva', 'Partially Working', 'Compressure pressure down,Leakge', '2026-02-22', 'Mohan/Ashish', null, null, null, null, null, 'Charged the compressor,leak not detected yet,finding.Mohan replace the gas line and solved the leak issue 28 feb', 'Closed', false, false, '[]'::jsonb);
insert into public.tickets (id, month, src_row, customer_raw, customer, asset_code, town, state, contract, call_date, call_type, model, sys_status, issue, attended_date, engineer, parts, parts_req_date, parts_recv_date, parts_status, sys_up_date, resolution, status, orphaned, unmatched, ambiguities) values ('TKT-Feb2026-140', 'Feb 2026', 19, 'Isha Diagnostic Centre', 'Isha Diagnostics', 'AN007', 'Bangalore', 'KA', 'CMC', '2026-02-23', 'Incident', 'Philips 1.5T Achieva', 'Down', '425V A Out of Tol.(Y axis)', '2026-02-24', 'Ashokkumar & Abhijith', 'Gradient axis amplifier', '2026-02-23', '2026-02-24', 'Parts Received', '2026-02-24', 'Y axis gradient Fixed and replaced by Pravin Muley. more than 25 patient scans performed.', 'Closed', false, false, '[]'::jsonb);
insert into public.tickets (id, month, src_row, customer_raw, customer, asset_code, town, state, contract, call_date, call_type, model, sys_status, issue, attended_date, engineer, parts, parts_req_date, parts_recv_date, parts_status, sys_up_date, resolution, status, orphaned, unmatched, ambiguities) values ('TKT-Feb2026-141', 'Feb 2026', 20, 'Isha Diagnostic Centre', 'Isha Diagnostics', 'AN007', 'Bangalore', 'KA', 'CMC', '2026-02-25', 'Incident', 'Philips 1.5T Achieva', 'Partially Working', 'Sense Torso XL Coil is not working (UNK Coil Encountered)', '2026-02-25', 'Ashokkumar', 'Gradient axis amplifier', null, null, 'Parts Awaited', null, 'I opened the coil and disconnected all the connections, then reconnected them.Now the coil is working fine.', 'Closed', false, false, '[]'::jsonb);
insert into public.tickets (id, month, src_row, customer_raw, customer, asset_code, town, state, contract, call_date, call_type, model, sys_status, issue, attended_date, engineer, parts, parts_req_date, parts_recv_date, parts_status, sys_up_date, resolution, status, orphaned, unmatched, ambiguities) values ('TKT-Feb2026-142', 'Feb 2026', 21, 'Nivi Hi-Tech Scans, Namakkal', 'Nivi Scans Namakkal', 'AN020B', 'Namakkal', 'TN', 'Warranty', '2026-02-28', 'Incident', 'GE 1.5T HDXT', 'Partially Working', 'Helium compressor tripped due to high temperature at water supply.', '2026-02-28', 'Venkat/Abhijith', 'NA', null, null, null, null, 'Reverse flusing done on the heat Exchanger. Temperature has reduced and Magnet pressure also started reducing.', 'Closed', false, false, '[]'::jsonb);
insert into public.tickets (id, month, src_row, customer_raw, customer, asset_code, town, state, contract, call_date, call_type, model, sys_status, issue, attended_date, engineer, parts, parts_req_date, parts_recv_date, parts_status, sys_up_date, resolution, status, orphaned, unmatched, ambiguities) values ('TKT-March2026-143', 'March 2026', 2, 'BTGH KALABURGI', 'HKES Basaveshwara', 'AN001', 'Gulbargah', 'KA', 'CMC', '2026-02-03', 'Incident', 'Philips 1.5T Achieva', 'Partially Working', 'M-Flex coil not connecting', '2026-03-05', 'Mohan', null, null, null, null, null, 'Physical Damage, the same has been informed to the customer.', 'Open', false, false, '[]'::jsonb);

-- Ambiguities (13)
truncate table public.ambiguities cascade;
insert into public.ambiguities (id, month, row_num, customer, issue, status, sys_status, flags, suggestion) values ('⚠FLAG-01', '—', 0, 'Premier Trichy = Anderson Diagnostic Centre?', 'Log uses "Premier Trichy" in Oct 2025 rows 20,21. Config has "Anderson diagnostic centre, Trichy, AN011". No asset named Premier in config. Assumed same site — CONFIRM before accepting.', 'Review Required', '—', ARRAY['Log uses "Premier Trichy" in Oct 2025 rows 20,21. Config has "Anderson diagnostic centre, Trichy, AN011". No asset named Premier in config. Assumed same site — CONFIRM before accepting.'], 'Action required — do not close until confirmed.');
insert into public.ambiguities (id, month, row_num, customer, issue, status, sys_status, flags, suggestion) values ('⚠FLAG-02', '—', 0, 'Deepa MRI & Diagnostics Center ≠ Dr. Shreyas (Deepa Fortune)?', '"Deepa MRI" appears in logs (Bangalore-area calls, Ashokkumar/Akhil engineers). Config has "Dr. Shreyas (Deepa Fortune), Mandya, KA". These may be the SAME site or TWO DIFFERENT sites. Cannot confirm without your input.', 'Review Required', '—', ARRAY['"Deepa MRI" appears in logs (Bangalore-area calls, Ashokkumar/Akhil engineers). Config has "Dr. Shreyas (Deepa Fortune), Mandya, KA". These may be the SAME site or TWO DIFFERENT sites. Cannot confirm without your input.'], 'Action required — do not close until confirmed.');
insert into public.ambiguities (id, month, row_num, customer, issue, status, sys_status, flags, suggestion) values ('⚠FLAG-03', '—', 0, 'Ruby Medical Services Phaltan — NO CONFIG ENTRY', '8 calls logged against "Ruby Medical Services Phaltan". Phaltan is NOT in the Configuration sheet. Config has Indapur, Chiplun, Sangamaner — NOT Phaltan. Dead asset or missing config row?', 'Review Required', '—', ARRAY['8 calls logged against "Ruby Medical Services Phaltan". Phaltan is NOT in the Configuration sheet. Config has Indapur, Chiplun, Sangamaner — NOT Phaltan. Dead asset or missing config row?'], 'Action required — do not close until confirmed.');
insert into public.ambiguities (id, month, row_num, customer, issue, status, sys_status, flags, suggestion) values ('⚠FLAG-04', '—', 0, 'Ruby Medical Services Chiplun — NO CUST CODE in Config', 'Config row 8 has Ruby Medical Services, Chiplun but NO cust code assigned. Will assign AN010_CHIP as placeholder. Confirm correct code.', 'Review Required', '—', ARRAY['Config row 8 has Ruby Medical Services, Chiplun but NO cust code assigned. Will assign AN010_CHIP as placeholder. Confirm correct code.'], 'Action required — do not close until confirmed.');
insert into public.ambiguities (id, month, row_num, customer, issue, status, sys_status, flags, suggestion) values ('⚠FLAG-05', '—', 0, 'KVC Diagnostic Centre, Mysore — NOT IN CONFIG', '6 calls against KVC Diagnostic Centre, Mysore. Zero record in Configuration sheet. Orphaned calls — needs a config row added or these are contract calls not tracked as assets.', 'Review Required', '—', ARRAY['6 calls against KVC Diagnostic Centre, Mysore. Zero record in Configuration sheet. Orphaned calls — needs a config row added or these are contract calls not tracked as assets.'], 'Action required — do not close until confirmed.');
insert into public.ambiguities (id, month, row_num, customer, issue, status, sys_status, flags, suggestion) values ('⚠FLAG-06', '—', 0, 'NMR Scan Centre, Dharwad — NOT IN CONFIG', 'Config has "NMR Medical institute, Hubli, AN002". Dharwad ≠ Hubli. Could be same customer, different branch. 1 call in Feb 2026. Cannot confirm.', 'Review Required', '—', ARRAY['Config has "NMR Medical institute, Hubli, AN002". Dharwad ≠ Hubli. Could be same customer, different branch. 1 call in Feb 2026. Cannot confirm.'], 'Action required — do not close until confirmed.');
insert into public.ambiguities (id, month, row_num, customer, issue, status, sys_status, flags, suggestion) values ('⚠FLAG-07', '—', 0, '8 assets have no Cust Code in Configuration sheet', 'Ruby/Chiplun, Dr.Shreyas/Mandya, Kennedy/Nanganallur, Magnus/Bangalore, JCRL/Patna, TRR/Hyderabad, Nivi/Namakkal, Ruby/Sangamaner all missing AN codes. Using AST→AN mapping as placeholder.', 'Review Required', '—', ARRAY['Ruby/Chiplun, Dr.Shreyas/Mandya, Kennedy/Nanganallur, Magnus/Bangalore, JCRL/Patna, TRR/Hyderabad, Nivi/Namakkal, Ruby/Sangamaner all missing AN codes. Using AST→AN mapping as placeholder.'], 'Action required — do not close until confirmed.');
insert into public.ambiguities (id, month, row_num, customer, issue, status, sys_status, flags, suggestion) values ('⚠FLAG-08', '—', 0, 'Orphaned calls: Nov-2025 row 18 (TRR) — no dates, no issue, no engineer', 'Record exists with only customer name "TRR" and status "Closed". Cannot validate. Retained with flag.', 'Review Required', '—', ARRAY['Record exists with only customer name "TRR" and status "Closed". Cannot validate. Retained with flag.'], 'Action required — do not close until confirmed.');
insert into public.ambiguities (id, month, row_num, customer, issue, status, sys_status, flags, suggestion) values ('⚠FLAG-09', '—', 0, 'SKS Hospital Salem, Ganga Hospital Coimbatore, SRMC Chennai — NOT IN CONFIG', '3 customers appear in logs with no config entry. Possibly non-MRI equipment (DR Mini 90 calls). 3 total calls across these sites.', 'Review Required', '—', ARRAY['3 customers appear in logs with no config entry. Possibly non-MRI equipment (DR Mini 90 calls). 3 total calls across these sites.'], 'Action required — do not close until confirmed.');
insert into public.ambiguities (id, month, row_num, customer, issue, status, sys_status, flags, suggestion) values ('⚠FLAG-10', '—', 0, 'Dec 2025 rows 26 & 29: BDC Muzaffarpur — 2 separate Open calls both with System Up dates', 'Row 26 (chiller bypass, system stable) and Row 29 (RF amp no error for 15 days) both show Open status with System Up dates. Your earlier review kept Row 26 open (chiller recurring). Row 29 resolution says "closed the call" yet status=Open in sheet. Flag for correction.', 'Review Required', '—', ARRAY['Row 26 (chiller bypass, system stable) and Row 29 (RF amp no error for 15 days) both show Open status with System Up dates. Your earlier review kept Row 26 open (chiller recurring). Row 29 resolution says "closed the call" yet status=Open in sheet. Flag for correction.'], 'Action required — do not close until confirmed.');
insert into public.ambiguities (id, month, row_num, customer, issue, status, sys_status, flags, suggestion) values ('TKT-Oct2025-016', 'Oct 2025', 17, 'Ruby Medical Services, Indapur', 'CDAS not turning ON — board ordered, receipt unconfirmed.', 'Closed', 'Down', ARRAY['PENDING FIELD CONFIRMATION: CDAS board receipt not confirmed. Confirm with Akhil T.'], 'Contact Akhil T to confirm CDAS Power Supply board was received and fitted.');
insert into public.ambiguities (id, month, row_num, customer, issue, status, sys_status, flags, suggestion) values ('TKT-Oct2025-017', 'Oct 2025', 18, 'Premier Trichy (Anderson Diagnostic Centre?)', 'NV Coil sent for repair — return not confirmed.', 'Closed', 'Partially Working', ARRAY['PENDING FIELD CONFIRMATION: NV Coil repair return not confirmed. Confirm with Venkatakrishnan.'], 'Contact Venkatakrishnan to confirm Sense NV Coil 1.5T 16ch was returned and fitted.');
insert into public.ambiguities (id, month, row_num, customer, issue, status, sys_status, flags, suggestion) values ('TKT-Nov2025-044_GHOST', 'Nov 2025', 18, 'TRR Medical', 'Ghost record — no dates, no issue, no engineer, no resolution.', 'Closed', 'Down', ARRAY['DATA ENTRY ERROR: Record severely incomplete. All fields empty except customer name.'], 'Request Jimmi to complete this TRR installation record or delete it.');

-- Done. Verify with: select count(*) from public.tickets;